dataset,condition_id,true_flaw,model,minority_class_share,missing_rate,mean_feature_correlation,max_feature_target_correlation,max_pairwise_correlation,frac_near_duplicate_pairs,mean_feature_target_correlation,outlier_score,n_rows,n_features,accuracy,macro_f1,minority_recall,train_test_gap,error_rate_class_0,error_rate_class_1,mean_confidence_on_errors
breast_cancer,clean,clean,logistic_regression,0.3726,0.0,0.3949,0.7936,0.9979,0.0345,0.4703,0.0124,569,30,0.9474,0.9435,0.9286,0.0153,0.0714,0.0417,0.8007
breast_cancer,clean,clean,random_forest,0.3726,0.0,0.3949,0.7936,0.9979,0.0345,0.4703,0.0124,569,30,0.9474,0.944,0.9524,0.0526,0.0476,0.0556,0.74
breast_cancer,clean,clean,xgboost,0.3726,0.0,0.3949,0.7936,0.9979,0.0345,0.4703,0.0124,569,30,0.9649,0.9623,0.9524,0.0351,0.0476,0.0278,0.908
breast_cancer,imbalance__minority_share_0.3,imbalance,logistic_regression,0.3,0.0,0.3873,0.7907,0.998,0.0322,0.4646,0.0123,510,30,0.9608,0.9528,0.9032,0.0025,0.0968,0.0141,0.6067
breast_cancer,imbalance__minority_share_0.3,imbalance,random_forest,0.3,0.0,0.3873,0.7907,0.998,0.0322,0.4646,0.0123,510,30,0.9706,0.9649,0.9355,0.0294,0.0645,0.0141,0.6967
breast_cancer,imbalance__minority_share_0.3,imbalance,xgboost,0.3,0.0,0.3873,0.7907,0.998,0.0322,0.4646,0.0123,510,30,0.9608,0.9545,0.9677,0.0392,0.0323,0.0423,0.7436
breast_cancer,imbalance__minority_share_0.15,imbalance,logistic_regression,0.15,0.0,0.3644,0.7598,0.9975,0.0322,0.4185,0.0148,420,30,0.9524,0.8954,0.6923,0.0387,0.3077,0.0,0.9296
breast_cancer,imbalance__minority_share_0.15,imbalance,random_forest,0.15,0.0,0.3644,0.7598,0.9975,0.0322,0.4185,0.0148,420,30,0.9643,0.9295,0.8462,0.0357,0.1538,0.0141,0.6133
breast_cancer,imbalance__minority_share_0.15,imbalance,xgboost,0.15,0.0,0.3644,0.7598,0.9975,0.0322,0.4185,0.0148,420,30,0.9643,0.9295,0.8462,0.0357,0.1538,0.0141,0.7918
breast_cancer,imbalance__minority_share_0.1,imbalance,logistic_regression,0.0985,0.0,0.3537,0.7202,0.9973,0.0322,0.3918,0.0152,396,30,0.975,0.9306,0.875,0.0123,0.125,0.0139,0.7388
breast_cancer,imbalance__minority_share_0.1,imbalance,random_forest,0.0985,0.0,0.3537,0.7202,0.9973,0.0322,0.3918,0.0152,396,30,0.975,0.9217,0.75,0.025,0.25,0.0,0.84
breast_cancer,imbalance__minority_share_0.1,imbalance,xgboost,0.0985,0.0,0.3537,0.7202,0.9973,0.0322,0.3918,0.0152,396,30,0.975,0.9217,0.75,0.025,0.25,0.0,0.7832
breast_cancer,imbalance__minority_share_0.02,imbalance,logistic_regression,0.0192,0.0,0.3089,0.4879,0.997,0.0345,0.1997,0.013,364,30,0.9863,0.8298,1.0,0.0137,0.0,0.0139,0.9987
breast_cancer,imbalance__minority_share_0.02,imbalance,random_forest,0.0192,0.0,0.3089,0.4879,0.997,0.0345,0.1997,0.013,364,30,1.0,1.0,1.0,0.0,0.0,0.0,0.0
breast_cancer,imbalance__minority_share_0.02,imbalance,xgboost,0.0192,0.0,0.3089,0.4879,0.997,0.0345,0.1997,0.013,364,30,1.0,1.0,1.0,0.0,0.0,0.0,0.0
breast_cancer,missing_values__missing_rate_0.05,missing_values,logistic_regression,0.3726,0.0507,0.3977,0.7934,0.9978,0.0322,0.4724,0.012,569,30,0.9474,0.9435,0.9286,0.0109,0.0714,0.0417,0.7412
breast_cancer,missing_values__missing_rate_0.05,missing_values,random_forest,0.3726,0.0507,0.3977,0.7934,0.9978,0.0322,0.4724,0.012,569,30,0.9474,0.944,0.9524,0.0526,0.0476,0.0556,0.7733
breast_cancer,missing_values__missing_rate_0.05,missing_values,xgboost,0.3726,0.0507,0.3977,0.7934,0.9978,0.0322,0.4724,0.012,569,30,0.9474,0.944,0.9524,0.0526,0.0476,0.0556,0.8433
breast_cancer,missing_values__missing_rate_0.15,missing_values,logistic_regression,0.3726,0.1496,0.3993,0.7853,0.998,0.0345,0.4774,0.011,569,30,0.9386,0.9343,0.9286,0.0174,0.0714,0.0556,0.7896
breast_cancer,missing_values__missing_rate_0.15,missing_values,random_forest,0.3726,0.1496,0.3993,0.7853,0.998,0.0345,0.4774,0.011,569,30,0.9298,0.926,0.9524,0.0702,0.0476,0.0833,0.7463
breast_cancer,missing_values__missing_rate_0.15,missing_values,xgboost,0.3726,0.1496,0.3993,0.7853,0.998,0.0345,0.4774,0.011,569,30,0.9386,0.9349,0.9524,0.0614,0.0476,0.0694,0.8914
breast_cancer,missing_values__missing_rate_0.25,missing_values,logistic_regression,0.3726,0.2459,0.4041,0.7953,0.9979,0.0345,0.4816,0.0094,569,30,0.9035,0.8958,0.8571,0.0525,0.1429,0.0694,0.7668
breast_cancer,missing_values__missing_rate_0.25,missing_values,random_forest,0.3726,0.2459,0.4041,0.7953,0.9979,0.0345,0.4816,0.0094,569,30,0.9211,0.9171,0.9524,0.0789,0.0476,0.0972,0.7189
breast_cancer,missing_values__missing_rate_0.25,missing_values,xgboost,0.3726,0.2459,0.4041,0.7953,0.9979,0.0345,0.4816,0.0094,569,30,0.9298,0.9253,0.9286,0.0702,0.0714,0.0694,0.8072
breast_cancer,missing_values__missing_rate_0.4,missing_values,logistic_regression,0.3726,0.3938,0.4058,0.7991,0.998,0.0345,0.482,0.0076,569,30,0.9123,0.9048,0.8571,0.0394,0.1429,0.0556,0.7434
breast_cancer,missing_values__missing_rate_0.4,missing_values,random_forest,0.3726,0.3938,0.4058,0.7991,0.998,0.0345,0.482,0.0076,569,30,0.9211,0.9171,0.9524,0.0789,0.0476,0.0972,0.7778
breast_cancer,missing_values__missing_rate_0.4,missing_values,xgboost,0.3726,0.3938,0.4058,0.7991,0.998,0.0345,0.482,0.0076,569,30,0.9123,0.9066,0.9048,0.0877,0.0952,0.0833,0.8425
breast_cancer,leakage__leak_strength_0.3,leakage,logistic_regression,0.3726,0.0,0.3768,0.7936,0.9979,0.0323,0.461,0.0121,569,31,0.9474,0.9435,0.9286,0.0153,0.0714,0.0417,0.8031
breast_cancer,leakage__leak_strength_0.3,leakage,random_forest,0.3726,0.0,0.3768,0.7936,0.9979,0.0323,0.461,0.0121,569,31,0.9386,0.9343,0.9286,0.0614,0.0714,0.0556,0.7243
breast_cancer,leakage__leak_strength_0.3,leakage,xgboost,0.3726,0.0,0.3768,0.7936,0.9979,0.0323,0.461,0.0121,569,31,0.9649,0.9623,0.9524,0.0351,0.0476,0.0278,0.9173
breast_cancer,leakage__leak_strength_0.6,leakage,logistic_regression,0.3726,0.0,0.3884,0.7936,0.9979,0.0323,0.4737,0.012,569,31,0.9649,0.9627,0.9762,0.0043,0.0238,0.0417,0.8127
breast_cancer,leakage__leak_strength_0.6,leakage,random_forest,0.3726,0.0,0.3884,0.7936,0.9979,0.0323,0.4737,0.012,569,31,0.9474,0.9435,0.9286,0.0526,0.0714,0.0417,0.7267
breast_cancer,leakage__leak_strength_0.6,leakage,xgboost,0.3726,0.0,0.3884,0.7936,0.9979,0.0323,0.4737,0.012,569,31,0.9298,0.9253,0.9286,0.0702,0.0714,0.0694,0.7885
breast_cancer,leakage__leak_strength_0.8,leakage,logistic_regression,0.3726,0.0,0.3971,0.8852,0.9979,0.0323,0.4837,0.012,569,31,0.9825,0.9812,0.9762,0.0066,0.0238,0.0139,0.8166
breast_cancer,leakage__leak_strength_0.8,leakage,random_forest,0.3726,0.0,0.3971,0.8852,0.9979,0.0323,0.4837,0.012,569,31,0.9825,0.981,0.9524,0.0175,0.0476,0.0,0.69
breast_cancer,leakage__leak_strength_0.8,leakage,xgboost,0.3726,0.0,0.3971,0.8852,0.9979,0.0323,0.4837,0.012,569,31,0.9825,0.981,0.9524,0.0175,0.0476,0.0,0.9422
breast_cancer,leakage__leak_strength_0.95,leakage,logistic_regression,0.3726,0.0,0.3997,0.9941,0.9979,0.0323,0.4872,0.012,569,31,0.9912,0.9906,1.0,0.0066,0.0,0.0139,0.5275
breast_cancer,leakage__leak_strength_0.95,leakage,random_forest,0.3726,0.0,0.3997,0.9941,0.9979,0.0323,0.4872,0.012,569,31,1.0,1.0,1.0,0.0,0.0,0.0,0.0
breast_cancer,leakage__leak_strength_0.95,leakage,xgboost,0.3726,0.0,0.3997,0.9941,0.9979,0.0323,0.4872,0.012,569,31,0.9912,0.9906,1.0,0.0088,0.0,0.0139,0.9948
breast_cancer,feature_noise__noise_level_0.05,feature_noise,logistic_regression,0.3726,0.0,0.3938,0.7914,0.9953,0.0322,0.4694,0.0122,569,30,0.9561,0.9531,0.9524,0.0087,0.0476,0.0417,0.7974
breast_cancer,feature_noise__noise_level_0.05,feature_noise,random_forest,0.3726,0.0,0.3938,0.7914,0.9953,0.0322,0.4694,0.0122,569,30,0.9561,0.9531,0.9524,0.0439,0.0476,0.0417,0.758
breast_cancer,feature_noise__noise_level_0.05,feature_noise,xgboost,0.3726,0.0,0.3938,0.7914,0.9953,0.0322,0.4694,0.0122,569,30,0.9474,0.944,0.9524,0.0526,0.0476,0.0556,0.873
breast_cancer,feature_noise__noise_level_0.15,feature_noise,logistic_regression,0.3726,0.0,0.386,0.7817,0.9752,0.0161,0.4642,0.0121,569,30,0.9737,0.9716,0.9524,-0.0067,0.0476,0.0139,0.8606
breast_cancer,feature_noise__noise_level_0.15,feature_noise,random_forest,0.3726,0.0,0.386,0.7817,0.9752,0.0161,0.4642,0.0121,569,30,0.9561,0.9531,0.9524,0.0439,0.0476,0.0417,0.712
breast_cancer,feature_noise__noise_level_0.15,feature_noise,xgboost,0.3726,0.0,0.386,0.7817,0.9752,0.0161,0.4642,0.0121,569,30,0.9298,0.9253,0.9286,0.0702,0.0714,0.0694,0.7627
breast_cancer,feature_noise__noise_level_0.3,feature_noise,logistic_regression,0.3726,0.0,0.3619,0.7553,0.9128,0.0,0.449,0.0115,569,30,0.9649,0.9623,0.9524,-0.0111,0.0476,0.0278,0.8241
breast_cancer,feature_noise__noise_level_0.3,feature_noise,random_forest,0.3726,0.0,0.3619,0.7553,0.9128,0.0,0.449,0.0115,569,30,0.9386,0.9337,0.9048,0.0614,0.0952,0.0417,0.6557
breast_cancer,feature_noise__noise_level_0.3,feature_noise,xgboost,0.3726,0.0,0.3619,0.7553,0.9128,0.0,0.449,0.0115,569,30,0.9386,0.9343,0.9286,0.0614,0.0714,0.0556,0.8853
breast_cancer,feature_noise__noise_level_0.5,feature_noise,logistic_regression,0.3726,0.0,0.3154,0.7046,0.7914,0.0,0.4185,0.0095,569,30,0.9386,0.9337,0.9048,0.0065,0.0952,0.0417,0.7465
breast_cancer,feature_noise__noise_level_0.5,feature_noise,random_forest,0.3726,0.0,0.3154,0.7046,0.7914,0.0,0.4185,0.0095,569,30,0.9298,0.9246,0.9048,0.0702,0.0952,0.0556,0.6937
breast_cancer,feature_noise__noise_level_0.5,feature_noise,xgboost,0.3726,0.0,0.3154,0.7046,0.7914,0.0,0.4185,0.0095,569,30,0.9298,0.9246,0.9048,0.0702,0.0952,0.0556,0.8192
breast_cancer,label_noise__flip_rate_0.02,label_noise,logistic_regression,0.3708,0.0,0.3949,0.7523,0.9979,0.0345,0.4406,0.0124,569,30,0.9561,0.9521,0.9048,-0.0155,0.0952,0.0139,0.8689
breast_cancer,label_noise__flip_rate_0.02,label_noise,random_forest,0.3708,0.0,0.3949,0.7523,0.9979,0.0345,0.4406,0.0124,569,30,0.9561,0.9521,0.9048,0.0439,0.0952,0.0139,0.752
breast_cancer,label_noise__flip_rate_0.02,label_noise,xgboost,0.3708,0.0,0.3949,0.7523,0.9979,0.0345,0.4406,0.0124,569,30,0.9386,0.933,0.881,0.0614,0.119,0.0278,0.7392
breast_cancer,label_noise__flip_rate_0.05,label_noise,logistic_regression,0.3937,0.0,0.3949,0.6978,0.9979,0.0345,0.4107,0.0124,569,30,0.8509,0.8406,0.7556,0.0766,0.2444,0.087,0.7466
breast_cancer,label_noise__flip_rate_0.05,label_noise,random_forest,0.3937,0.0,0.3949,0.6978,0.9979,0.0345,0.4107,0.0124,569,30,0.8509,0.842,0.7778,0.1491,0.2222,0.1014,0.7929
breast_cancer,label_noise__flip_rate_0.05,label_noise,xgboost,0.3937,0.0,0.3949,0.6978,0.9979,0.0345,0.4107,0.0124,569,30,0.8509,0.842,0.7778,0.1491,0.2222,0.1014,0.9037
breast_cancer,label_noise__flip_rate_0.1,label_noise,logistic_regression,0.3849,0.0,0.3949,0.6051,0.9979,0.0345,0.3653,0.0124,569,30,0.8684,0.8593,0.7955,0.0019,0.2045,0.0857,0.7293
breast_cancer,label_noise__flip_rate_0.1,label_noise,random_forest,0.3849,0.0,0.3949,0.6051,0.9979,0.0345,0.3653,0.0124,569,30,0.886,0.8781,0.8182,0.114,0.1818,0.0714,0.8377
breast_cancer,label_noise__flip_rate_0.1,label_noise,xgboost,0.3849,0.0,0.3949,0.6051,0.9979,0.0345,0.3653,0.0124,569,30,0.8596,0.8506,0.7955,0.1404,0.2045,0.1,0.8863
breast_cancer,label_noise__flip_rate_0.2,label_noise,logistic_regression,0.4007,0.0,0.3949,0.4884,0.9979,0.0345,0.2842,0.0124,569,30,0.7544,0.7334,0.587,0.0192,0.413,0.1324,0.7318
breast_cancer,label_noise__flip_rate_0.2,label_noise,random_forest,0.4007,0.0,0.3949,0.4884,0.9979,0.0345,0.2842,0.0124,569,30,0.7544,0.7409,0.6522,0.2456,0.3478,0.1765,0.7818
breast_cancer,label_noise__flip_rate_0.2,label_noise,xgboost,0.4007,0.0,0.3949,0.4884,0.9979,0.0345,0.2842,0.0124,569,30,0.7193,0.6984,0.5652,0.2807,0.4348,0.1765,0.8966
breast_cancer,outliers__outlier_fraction_0.01,outliers,logistic_regression,0.3726,0.0,0.2529,0.6798,0.7164,0.0,0.3775,0.0145,569,30,0.9211,0.9156,0.9048,0.013,0.0952,0.0694,0.7726
breast_cancer,outliers__outlier_fraction_0.01,outliers,random_forest,0.3726,0.0,0.2529,0.6798,0.7164,0.0,0.3775,0.0145,569,30,0.9474,0.944,0.9524,0.0526,0.0476,0.0556,0.7517
breast_cancer,outliers__outlier_fraction_0.01,outliers,xgboost,0.3726,0.0,0.2529,0.6798,0.7164,0.0,0.3775,0.0145,569,30,0.9561,0.9531,0.9524,0.0439,0.0476,0.0417,0.8707
breast_cancer,outliers__outlier_fraction_0.03,outliers,logistic_regression,0.3726,0.0,0.1443,0.5078,0.4539,0.0,0.2859,0.0312,569,30,0.9035,0.8968,0.881,-0.0024,0.119,0.0833,0.7602
breast_cancer,outliers__outlier_fraction_0.03,outliers,random_forest,0.3726,0.0,0.1443,0.5078,0.4539,0.0,0.2859,0.0312,569,30,0.9561,0.9526,0.9286,0.0439,0.0714,0.0278,0.764
breast_cancer,outliers__outlier_fraction_0.03,outliers,xgboost,0.3726,0.0,0.1443,0.5078,0.4539,0.0,0.2859,0.0312,569,30,0.9737,0.9716,0.9524,0.0263,0.0476,0.0139,0.9804
breast_cancer,outliers__outlier_fraction_0.05,outliers,logistic_regression,0.3726,0.0,0.0979,0.4334,0.2821,0.0,0.2295,0.0516,569,30,0.886,0.8769,0.8333,-0.0024,0.1667,0.0833,0.773
breast_cancer,outliers__outlier_fraction_0.05,outliers,random_forest,0.3726,0.0,0.0979,0.4334,0.2821,0.0,0.2295,0.0516,569,30,0.9561,0.9526,0.9286,0.0439,0.0714,0.0278,0.756
breast_cancer,outliers__outlier_fraction_0.05,outliers,xgboost,0.3726,0.0,0.0979,0.4334,0.2821,0.0,0.2295,0.0516,569,30,0.9737,0.9716,0.9524,0.0263,0.0476,0.0139,0.9833
breast_cancer,outliers__outlier_fraction_0.1,outliers,logistic_regression,0.3726,0.0,0.0552,0.3333,0.1678,0.0,0.1603,0.0351,569,30,0.8333,0.816,0.7143,-0.0092,0.2857,0.0972,0.7191
breast_cancer,outliers__outlier_fraction_0.1,outliers,random_forest,0.3726,0.0,0.0552,0.3333,0.1678,0.0,0.1603,0.0351,569,30,0.9386,0.9343,0.9286,0.0614,0.0714,0.0556,0.7129
breast_cancer,outliers__outlier_fraction_0.1,outliers,xgboost,0.3726,0.0,0.0552,0.3333,0.1678,0.0,0.1603,0.0351,569,30,0.9561,0.9531,0.9524,0.0439,0.0476,0.0417,0.8182
breast_cancer,redundancy__n_redundant_1,redundancy,logistic_regression,0.3726,0.0,0.4014,0.7936,0.9998,0.0344,0.4742,0.0125,569,31,0.9474,0.9435,0.9286,0.0153,0.0714,0.0417,0.8006
breast_cancer,redundancy__n_redundant_1,redundancy,random_forest,0.3726,0.0,0.4014,0.7936,0.9998,0.0344,0.4742,0.0125,569,31,0.9474,0.9435,0.9286,0.0526,0.0714,0.0417,0.7583
breast_cancer,redundancy__n_redundant_1,redundancy,xgboost,0.3726,0.0,0.4014,0.7936,0.9998,0.0344,0.4742,0.0125,569,31,0.9649,0.9623,0.9524,0.0351,0.0476,0.0278,0.908
breast_cancer,redundancy__n_redundant_2,redundancy,logistic_regression,0.3726,0.0,0.396,0.7936,0.9998,0.0343,0.4619,0.0127,569,32,0.9474,0.9435,0.9286,0.0153,0.0714,0.0417,0.7997
breast_cancer,redundancy__n_redundant_2,redundancy,random_forest,0.3726,0.0,0.396,0.7936,0.9998,0.0343,0.4619,0.0127,569,32,0.9474,0.9435,0.9286,0.0526,0.0714,0.0417,0.715
breast_cancer,redundancy__n_redundant_2,redundancy,xgboost,0.3726,0.0,0.396,0.7936,0.9998,0.0343,0.4619,0.0127,569,32,0.9649,0.9623,0.9524,0.0351,0.0476,0.0278,0.926
breast_cancer,redundancy__n_redundant_3,redundancy,logistic_regression,0.3726,0.0,0.3996,0.7936,0.9998,0.0341,0.4567,0.013,569,33,0.9474,0.9435,0.9286,0.0153,0.0714,0.0417,0.8
breast_cancer,redundancy__n_redundant_3,redundancy,random_forest,0.3726,0.0,0.3996,0.7936,0.9998,0.0341,0.4567,0.013,569,33,0.9474,0.9435,0.9286,0.0526,0.0714,0.0417,0.765
breast_cancer,redundancy__n_redundant_3,redundancy,xgboost,0.3726,0.0,0.3996,0.7936,0.9998,0.0341,0.4567,0.013,569,33,0.9649,0.9623,0.9524,0.0351,0.0476,0.0278,0.9096
breast_cancer,redundancy__n_redundant_5,redundancy,logistic_regression,0.3726,0.0,0.3962,0.7936,0.9998,0.0336,0.4404,0.0128,569,35,0.9474,0.9435,0.9286,0.0153,0.0714,0.0417,0.7995
breast_cancer,redundancy__n_redundant_5,redundancy,random_forest,0.3726,0.0,0.3962,0.7936,0.9998,0.0336,0.4404,0.0128,569,35,0.9474,0.9435,0.9286,0.0526,0.0714,0.0417,0.75
breast_cancer,redundancy__n_redundant_5,redundancy,xgboost,0.3726,0.0,0.3962,0.7936,0.9998,0.0336,0.4404,0.0128,569,35,0.9649,0.9623,0.9524,0.0351,0.0476,0.0278,0.9148
spambase,clean,clean,logistic_regression,0.394,0.0,0.0609,0.3832,0.9961,0.0006,0.1621,0.0158,4601,57,0.9316,0.9284,0.9118,0.001,0.0556,0.0882,0.741
spambase,clean,clean,random_forest,0.394,0.0,0.0609,0.3832,0.9961,0.0006,0.1621,0.0158,4601,57,0.9566,0.9545,0.9449,0.0429,0.0358,0.0551,0.6655
spambase,clean,clean,xgboost,0.394,0.0,0.0609,0.3832,0.9961,0.0006,0.1621,0.0158,4601,57,0.9577,0.9557,0.9477,0.0396,0.0358,0.0523,0.7857
spambase,imbalance__minority_share_0.3,imbalance,logistic_regression,0.2998,0.0,0.0596,0.3637,0.9963,0.0006,0.1548,0.016,3982,57,0.9322,0.9187,0.8745,0.0028,0.043,0.1255,0.7423
spambase,imbalance__minority_share_0.3,imbalance,random_forest,0.2998,0.0,0.0596,0.3637,0.9963,0.0006,0.1548,0.016,3982,57,0.9762,0.9716,0.9582,0.0235,0.0161,0.0418,0.6989
spambase,imbalance__minority_share_0.3,imbalance,xgboost,0.2998,0.0,0.0596,0.3637,0.9963,0.0006,0.1548,0.016,3982,57,0.9624,0.9556,0.954,0.0358,0.0341,0.046,0.795
spambase,imbalance__minority_share_0.15,imbalance,logistic_regression,0.15,0.0,0.056,0.3697,0.9986,0.0006,0.1337,0.0162,3280,57,0.9345,0.8622,0.7041,0.008,0.0251,0.2959,0.7345
spambase,imbalance__minority_share_0.15,imbalance,random_forest,0.15,0.0,0.056,0.3697,0.9986,0.0006,0.1337,0.0162,3280,57,0.9558,0.9079,0.7857,0.0442,0.0143,0.2143,0.6997
spambase,imbalance__minority_share_0.15,imbalance,xgboost,0.15,0.0,0.056,0.3697,0.9986,0.0006,0.1337,0.0162,3280,57,0.9421,0.886,0.8061,0.0575,0.0341,0.1939,0.8024
spambase,imbalance__minority_share_0.1,imbalance,logistic_regression,0.0998,0.0,0.0543,0.3768,0.9986,0.0006,0.1208,0.0161,3097,57,0.9532,0.8542,0.6452,0.0024,0.0125,0.3548,0.8144
spambase,imbalance__minority_share_0.1,imbalance,random_forest,0.0998,0.0,0.0543,0.3768,0.9986,0.0006,0.1208,0.0161,3097,57,0.9677,0.9002,0.7258,0.0323,0.0054,0.2742,0.7465
spambase,imbalance__minority_share_0.1,imbalance,xgboost,0.0998,0.0,0.0543,0.3768,0.9986,0.0006,0.1208,0.0161,3097,57,0.9694,0.9117,0.8065,0.0302,0.0125,0.1935,0.8476
spambase,imbalance__minority_share_0.02,imbalance,logistic_regression,0.0197,0.0,0.0482,0.3123,0.9988,0.0006,0.066,0.0157,2844,57,0.9842,0.7591,0.4545,0.0018,0.0054,0.5455,0.8349
spambase,imbalance__minority_share_0.02,imbalance,random_forest,0.0197,0.0,0.0482,0.3123,0.9988,0.0006,0.066,0.0157,2844,57,0.9859,0.7464,0.3636,0.0141,0.0018,0.6364,0.7525
spambase,imbalance__minority_share_0.02,imbalance,xgboost,0.0197,0.0,0.0482,0.3123,0.9988,0.0006,0.066,0.0157,2844,57,0.9842,0.696,0.2727,0.0154,0.0018,0.7273,0.798
spambase,missing_values__missing_rate_0.05,missing_values,logistic_regression,0.394,0.0496,0.061,0.3832,0.9953,0.0006,0.162,0.0151,4601,57,0.924,0.92,0.8898,-0.0006,0.0538,0.1102,0.7505
spambase,missing_values__missing_rate_0.05,missing_values,random_forest,0.394,0.0496,0.061,0.3832,0.9953,0.0006,0.162,0.0151,4601,57,0.9414,0.9381,0.9008,0.0586,0.0323,0.0992,0.6433
spambase,missing_values__missing_rate_0.05,missing_values,xgboost,0.394,0.0496,0.061,0.3832,0.9953,0.0006,0.162,0.0151,4601,57,0.9511,0.9488,0.9339,0.0483,0.0376,0.0661,0.8147
spambase,missing_values__missing_rate_0.15,missing_values,logistic_regression,0.394,0.1509,0.0615,0.3825,0.9949,0.0006,0.1613,0.0136,4601,57,0.9131,0.9084,0.8705,0.0021,0.0591,0.1295,0.7402
spambase,missing_values__missing_rate_0.15,missing_values,random_forest,0.394,0.1509,0.0615,0.3825,0.9949,0.0006,0.1613,0.0136,4601,57,0.9457,0.9423,0.8898,0.0543,0.0179,0.1102,0.6862
spambase,missing_values__missing_rate_0.15,missing_values,xgboost,0.394,0.1509,0.0615,0.3825,0.9949,0.0006,0.1613,0.0136,4601,57,0.9403,0.9373,0.9174,0.0592,0.0448,0.0826,0.7983
spambase,missing_values__missing_rate_0.25,missing_values,logistic_regression,0.394,0.2498,0.0616,0.3722,0.9971,0.0006,0.1613,0.012,4601,57,0.9034,0.8975,0.843,-0.002,0.0573,0.157,0.7272
spambase,missing_values__missing_rate_0.25,missing_values,random_forest,0.394,0.2498,0.0616,0.3722,0.9971,0.0006,0.1613,0.012,4601,57,0.9327,0.9285,0.876,0.067,0.0305,0.124,0.6616
spambase,missing_values__missing_rate_0.25,missing_values,xgboost,0.394,0.2498,0.0616,0.3722,0.9971,0.0006,0.1613,0.012,4601,57,0.9327,0.929,0.8926,0.0668,0.0412,0.1074,0.7808
spambase,missing_values__missing_rate_0.4,missing_values,logistic_regression,0.394,0.3995,0.0636,0.3672,0.9954,0.0006,0.1609,0.0096,4601,57,0.8795,0.8716,0.8017,0.0026,0.0699,0.1983,0.6968
spambase,missing_values__missing_rate_0.4,missing_values,random_forest,0.394,0.3995,0.0636,0.3672,0.9954,0.0006,0.1609,0.0096,4601,57,0.9175,0.9117,0.8402,0.0825,0.0323,0.1598,0.6807
spambase,missing_values__missing_rate_0.4,missing_values,xgboost,0.394,0.3995,0.0636,0.3672,0.9954,0.0006,0.1609,0.0096,4601,57,0.9251,0.921,0.8843,0.0722,0.0484,0.1157,0.7781
spambase,leakage__leak_strength_0.3,leakage,logistic_regression,0.394,0.0,0.0599,0.3832,0.9961,0.0006,0.1626,0.0155,4601,58,0.9349,0.9319,0.9229,-0.0006,0.0573,0.0771,0.7459
spambase,leakage__leak_strength_0.3,leakage,random_forest,0.394,0.0,0.0599,0.3832,0.9961,0.0006,0.1626,0.0155,4601,58,0.9544,0.9522,0.9394,0.0456,0.0358,0.0606,0.66
spambase,leakage__leak_strength_0.3,leakage,xgboost,0.394,0.0,0.0599,0.3832,0.9961,0.0006,0.1626,0.0155,4601,58,0.9598,0.958,0.9532,0.0399,0.0358,0.0468,0.8154
spambase,leakage__leak_strength_0.6,leakage,logistic_regression,0.394,0.0,0.062,0.5858,0.9961,0.0006,0.1694,0.0155,4601,58,0.9468,0.9445,0.9421,-0.0017,0.0502,0.0579,0.7686
spambase,leakage__leak_strength_0.6,leakage,random_forest,0.394,0.0,0.062,0.5858,0.9961,0.0006,0.1694,0.0155,4601,58,0.962,0.96,0.9394,0.038,0.0233,0.0606,0.6649
spambase,leakage__leak_strength_0.6,leakage,xgboost,0.394,0.0,0.062,0.5858,0.9961,0.0006,0.1694,0.0155,4601,58,0.9707,0.9693,0.9614,0.029,0.0233,0.0386,0.8251
spambase,leakage__leak_strength_0.8,leakage,logistic_regression,0.394,0.0,0.0637,0.8894,0.9961,0.0006,0.1746,0.0155,4601,58,0.9848,0.9841,0.9835,0.0065,0.0143,0.0165,0.6967
spambase,leakage__leak_strength_0.8,leakage,random_forest,0.394,0.0,0.0637,0.8894,0.9961,0.0006,0.1746,0.0155,4601,58,0.9891,0.9886,0.9807,0.0109,0.0054,0.0193,0.625
spambase,leakage__leak_strength_0.8,leakage,xgboost,0.394,0.0,0.0637,0.8894,0.9961,0.0006,0.1746,0.0155,4601,58,0.9859,0.9852,0.9725,0.0141,0.0054,0.0275,0.8598
spambase,leakage__leak_strength_0.95,leakage,logistic_regression,0.394,0.0,0.0643,0.9942,0.9961,0.0006,0.1764,0.0155,4601,58,0.9989,0.9989,1.0,0.0011,0.0018,0.0,0.9995
spambase,leakage__leak_strength_0.95,leakage,random_forest,0.394,0.0,0.0643,0.9942,0.9961,0.0006,0.1764,0.0155,4601,58,1.0,1.0,1.0,0.0,0.0,0.0,0.0
spambase,leakage__leak_strength_0.95,leakage,xgboost,0.394,0.0,0.0643,0.9942,0.9961,0.0006,0.1764,0.0155,4601,58,1.0,1.0,1.0,0.0,0.0,0.0,0.0
spambase,feature_noise__noise_level_0.05,feature_noise,logistic_regression,0.394,0.0,0.0607,0.382,0.9936,0.0006,0.1618,0.0158,4601,57,0.9338,0.9305,0.9091,-0.0069,0.0502,0.0909,0.7653
spambase,feature_noise__noise_level_0.05,feature_noise,random_forest,0.394,0.0,0.0607,0.382,0.9936,0.0006,0.1618,0.0158,4601,57,0.9403,0.9369,0.9008,0.0594,0.0341,0.0992,0.6835
spambase,feature_noise__noise_level_0.05,feature_noise,xgboost,0.394,0.0,0.0607,0.382,0.9936,0.0006,0.1618,0.0158,4601,57,0.937,0.9337,0.9036,0.063,0.0412,0.0964,0.8213
spambase,feature_noise__noise_level_0.15,feature_noise,logistic_regression,0.394,0.0,0.0596,0.3769,0.9743,0.0006,0.1601,0.0156,4601,57,0.9262,0.9225,0.8981,-0.0115,0.0556,0.1019,0.7522
spambase,feature_noise__noise_level_0.15,feature_noise,random_forest,0.394,0.0,0.0596,0.3769,0.9743,0.0006,0.1601,0.0156,4601,57,0.9392,0.9358,0.8981,0.0605,0.0341,0.1019,0.6766
spambase,feature_noise__noise_level_0.15,feature_noise,xgboost,0.394,0.0,0.0596,0.3769,0.9743,0.0006,0.1601,0.0156,4601,57,0.937,0.9337,0.9036,0.063,0.0412,0.0964,0.8185
spambase,feature_noise__noise_level_0.3,feature_noise,logistic_regression,0.394,0.0,0.0562,0.3632,0.9138,0.0,0.155,0.015,4601,57,0.911,0.9063,0.8733,-0.0164,0.0645,0.1267,0.7249
spambase,feature_noise__noise_level_0.3,feature_noise,random_forest,0.394,0.0,0.0562,0.3632,0.9138,0.0,0.155,0.015,4601,57,0.9131,0.9082,0.865,0.0869,0.0556,0.135,0.6526
spambase,feature_noise__noise_level_0.3,feature_noise,xgboost,0.394,0.0,0.0562,0.3632,0.9138,0.0,0.155,0.015,4601,57,0.9121,0.9075,0.876,0.0879,0.0645,0.124,0.778
spambase,feature_noise__noise_level_0.5,feature_noise,logistic_regression,0.394,0.0,0.0495,0.3374,0.7955,0.0,0.1445,0.0138,4601,57,0.8893,0.8835,0.8457,-0.0126,0.0824,0.1543,0.7086
spambase,feature_noise__noise_level_0.5,feature_noise,random_forest,0.394,0.0,0.0495,0.3374,0.7955,0.0,0.1445,0.0138,4601,57,0.886,0.8792,0.8237,0.114,0.0735,0.1763,0.6332
spambase,feature_noise__noise_level_0.5,feature_noise,xgboost,0.394,0.0,0.0495,0.3374,0.7955,0.0,0.1445,0.0138,4601,57,0.8903,0.8841,0.8347,0.1097,0.0735,0.1653,0.7774
spambase,label_noise__flip_rate_0.02,label_noise,logistic_regression,0.3997,0.0,0.0609,0.3711,0.9961,0.0006,0.1546,0.0158,4601,57,0.8936,0.8878,0.8342,0.0148,0.0669,0.1658,0.7139
spambase,label_noise__flip_rate_0.02,label_noise,random_forest,0.3997,0.0,0.0609,0.3711,0.9961,0.0006,0.1546,0.0158,4601,57,0.9338,0.9306,0.8995,0.063,0.0434,0.1005,0.7288
spambase,label_noise__flip_rate_0.02,label_noise,xgboost,0.3997,0.0,0.0609,0.3711,0.9961,0.0006,0.1546,0.0158,4601,57,0.924,0.9207,0.9022,0.0676,0.0615,0.0978,0.7756
spambase,label_noise__flip_rate_0.05,label_noise,logistic_regression,0.4088,0.0,0.0609,0.3441,0.9961,0.0006,0.1478,0.0158,4601,57,0.8893,0.8835,0.8143,-0.0072,0.0588,0.1857,0.7505
spambase,label_noise__flip_rate_0.05,label_noise,random_forest,0.4088,0.0,0.0609,0.3441,0.9961,0.0006,0.1478,0.0158,4601,57,0.9186,0.9152,0.878,0.076,0.0533,0.122,0.7733
spambase,label_noise__flip_rate_0.05,label_noise,xgboost,0.4088,0.0,0.0609,0.3441,0.9961,0.0006,0.1478,0.0158,4601,57,0.9207,0.9174,0.878,0.057,0.0496,0.122,0.8364
spambase,label_noise__flip_rate_0.1,label_noise,logistic_regression,0.4197,0.0,0.0609,0.3097,0.9961,0.0006,0.1256,0.0158,4601,57,0.8339,0.8257,0.7339,-0.0083,0.0936,0.2661,0.7071
spambase,label_noise__flip_rate_0.1,label_noise,random_forest,0.4197,0.0,0.0609,0.3097,0.9961,0.0006,0.1256,0.0158,4601,57,0.8599,0.854,0.7829,0.1262,0.0843,0.2171,0.7534
spambase,label_noise__flip_rate_0.1,label_noise,xgboost,0.4197,0.0,0.0609,0.3097,0.9961,0.0006,0.1256,0.0158,4601,57,0.8599,0.855,0.8036,0.1026,0.0993,0.1964,0.8214
spambase,label_noise__flip_rate_0.2,label_noise,logistic_regression,0.4432,0.0,0.0609,0.215,0.9961,0.0006,0.098,0.0158,4601,57,0.7448,0.7322,0.5956,-0.006,0.1365,0.4044,0.6887
spambase,label_noise__flip_rate_0.2,label_noise,random_forest,0.4432,0.0,0.0609,0.215,0.9961,0.0006,0.098,0.0158,4601,57,0.7524,0.7442,0.6471,0.2269,0.1637,0.3529,0.7335
spambase,label_noise__flip_rate_0.2,label_noise,xgboost,0.4432,0.0,0.0609,0.215,0.9961,0.0006,0.098,0.0158,4601,57,0.7416,0.7339,0.6446,0.1812,0.1813,0.3554,0.7545
spambase,outliers__outlier_fraction_0.01,outliers,logistic_regression,0.394,0.0,0.0386,0.307,0.6142,0.0,0.1265,0.0205,4601,57,0.861,0.8529,0.7934,0.0012,0.095,0.2066,0.7059
spambase,outliers__outlier_fraction_0.01,outliers,random_forest,0.394,0.0,0.0386,0.307,0.6142,0.0,0.1265,0.0205,4601,57,0.9501,0.9476,0.9284,0.0499,0.0358,0.0716,0.6637
spambase,outliers__outlier_fraction_0.01,outliers,xgboost,0.394,0.0,0.0386,0.307,0.6142,0.0,0.1265,0.0205,4601,57,0.9522,0.95,0.9421,0.0456,0.0412,0.0579,0.7881
spambase,outliers__outlier_fraction_0.03,outliers,logistic_regression,0.394,0.0,0.0242,0.2306,0.3195,0.0,0.0926,0.0363,4601,57,0.7622,0.7439,0.6281,0.0234,0.1505,0.3719,0.6768
spambase,outliers__outlier_fraction_0.03,outliers,random_forest,0.394,0.0,0.0242,0.2306,0.3195,0.0,0.0926,0.0363,4601,57,0.9446,0.9415,0.9063,0.0554,0.0305,0.0937,0.6486
spambase,outliers__outlier_fraction_0.03,outliers,xgboost,0.394,0.0,0.0242,0.2306,0.3195,0.0,0.0926,0.0363,4601,57,0.949,0.9466,0.9366,0.0486,0.043,0.0634,0.7477
spambase,outliers__outlier_fraction_0.05,outliers,logistic_regression,0.394,0.0,0.0189,0.1998,0.2027,0.0,0.0765,0.054,4601,57,0.7394,0.7163,0.5758,0.0141,0.1541,0.4242,0.6699
spambase,outliers__outlier_fraction_0.05,outliers,random_forest,0.394,0.0,0.0189,0.1998,0.2027,0.0,0.0765,0.054,4601,57,0.9403,0.9367,0.8926,0.0597,0.0287,0.1074,0.6587
spambase,outliers__outlier_fraction_0.05,outliers,xgboost,0.394,0.0,0.0189,0.1998,0.2027,0.0,0.0765,0.054,4601,57,0.9468,0.9441,0.9229,0.0518,0.0376,0.0771,0.7901
spambase,outliers__outlier_fraction_0.1,outliers,logistic_regression,0.394,0.0,0.0147,0.1522,0.1089,0.0,0.0546,0.0211,4601,57,0.6721,0.6311,0.4298,0.0284,0.1703,0.5702,0.6413
spambase,outliers__outlier_fraction_0.1,outliers,random_forest,0.394,0.0,0.0147,0.1522,0.1089,0.0,0.0546,0.0211,4601,57,0.9262,0.9213,0.8595,0.0738,0.0305,0.1405,0.6444
spambase,outliers__outlier_fraction_0.1,outliers,xgboost,0.394,0.0,0.0147,0.1522,0.1089,0.0,0.0546,0.0211,4601,57,0.9403,0.9376,0.9284,0.0594,0.052,0.0716,0.7937
spambase,redundancy__n_redundant_1,redundancy,logistic_regression,0.394,0.0,0.0604,0.3832,0.9998,0.0012,0.1603,0.0156,4601,58,0.9316,0.9284,0.9118,0.001,0.0556,0.0882,0.7406
spambase,redundancy__n_redundant_1,redundancy,random_forest,0.394,0.0,0.0604,0.3832,0.9998,0.0012,0.1603,0.0156,4601,58,0.9566,0.9544,0.9339,0.0434,0.0287,0.0661,0.6777
spambase,redundancy__n_redundant_1,redundancy,xgboost,0.394,0.0,0.0604,0.3832,0.9998,0.0012,0.1603,0.0156,4601,58,0.9609,0.9591,0.9504,0.038,0.0323,0.0496,0.7994
spambase,redundancy__n_redundant_2,redundancy,logistic_regression,0.394,0.0,0.0608,0.3832,0.9998,0.0018,0.1606,0.0157,4601,59,0.9316,0.9284,0.9118,0.001,0.0556,0.0882,0.7407
spambase,redundancy__n_redundant_2,redundancy,random_forest,0.394,0.0,0.0608,0.3832,0.9998,0.0018,0.1606,0.0157,4601,59,0.9566,0.9545,0.9449,0.0434,0.0358,0.0551,0.654
spambase,redundancy__n_redundant_2,redundancy,xgboost,0.394,0.0,0.0608,0.3832,0.9998,0.0018,0.1606,0.0157,4601,59,0.9598,0.958,0.9559,0.0394,0.0376,0.0441,0.7934
spambase,redundancy__n_redundant_3,redundancy,logistic_regression,0.394,0.0,0.0636,0.3832,0.9998,0.0023,0.1608,0.0158,4601,60,0.9316,0.9284,0.9118,0.001,0.0556,0.0882,0.7409
spambase,redundancy__n_redundant_3,redundancy,random_forest,0.394,0.0,0.0636,0.3832,0.9998,0.0023,0.1608,0.0158,4601,60,0.9544,0.9521,0.9311,0.0456,0.0305,0.0689,0.6519
spambase,redundancy__n_redundant_3,redundancy,xgboost,0.394,0.0,0.0636,0.3832,0.9998,0.0023,0.1608,0.0158,4601,60,0.9566,0.9546,0.9477,0.0434,0.0376,0.0523,0.8192
spambase,redundancy__n_redundant_5,redundancy,logistic_regression,0.394,0.0,0.0635,0.3832,0.9998,0.0032,0.1631,0.0159,4601,62,0.9305,0.9272,0.9091,0.0024,0.0556,0.0909,0.7373
spambase,redundancy__n_redundant_5,redundancy,random_forest,0.394,0.0,0.0635,0.3832,0.9998,0.0032,0.1631,0.0159,4601,62,0.9522,0.9498,0.9284,0.0478,0.0323,0.0716,0.6611
spambase,redundancy__n_redundant_5,redundancy,xgboost,0.394,0.0,0.0635,0.3832,0.9998,0.0032,0.1631,0.0159,4601,62,0.9522,0.95,0.9421,0.0478,0.0412,0.0579,0.7946
banknote,clean,clean,logistic_regression,0.4446,0.0,0.4256,0.7248,0.7869,0.0,0.3372,0.0066,1372,4,0.9964,0.9963,0.9918,-0.0082,0.0,0.0082,0.5826
banknote,clean,clean,random_forest,0.4446,0.0,0.4256,0.7248,0.7869,0.0,0.3372,0.0066,1372,4,0.9964,0.9963,1.0,0.0036,0.0065,0.0,0.69
banknote,clean,clean,xgboost,0.4446,0.0,0.4256,0.7248,0.7869,0.0,0.3372,0.0066,1372,4,0.9927,0.9926,0.9918,0.0073,0.0065,0.0082,0.8344
banknote,imbalance__minority_share_0.3,imbalance,logistic_regression,0.2996,0.0,0.4261,0.6887,0.7684,0.0,0.3132,0.0057,1088,4,0.9862,0.9835,0.9692,0.008,0.0065,0.0308,0.5973
banknote,imbalance__minority_share_0.3,imbalance,random_forest,0.2996,0.0,0.4261,0.6887,0.7684,0.0,0.3132,0.0057,1088,4,0.9954,0.9945,1.0,0.0046,0.0065,0.0,0.69
banknote,imbalance__minority_share_0.3,imbalance,xgboost,0.2996,0.0,0.4261,0.6887,0.7684,0.0,0.3132,0.0057,1088,4,0.9908,0.989,0.9846,0.0092,0.0065,0.0154,0.9049
banknote,imbalance__minority_share_0.15,imbalance,logistic_regression,0.1496,0.0,0.4174,0.597,0.7609,0.0,0.2721,0.0056,896,4,1.0,1.0,1.0,-0.0028,0.0,0.0,0.0
banknote,imbalance__minority_share_0.15,imbalance,random_forest,0.1496,0.0,0.4174,0.597,0.7609,0.0,0.2721,0.0056,896,4,0.9889,0.9775,0.9259,0.0111,0.0,0.0741,0.695
banknote,imbalance__minority_share_0.15,imbalance,xgboost,0.1496,0.0,0.4174,0.597,0.7609,0.0,0.2721,0.0056,896,4,0.9889,0.9775,0.9259,0.0111,0.0,0.0741,0.98
banknote,imbalance__minority_share_0.1,imbalance,logistic_regression,0.0993,0.0,0.4151,0.5296,0.7578,0.0,0.2416,0.0068,846,4,1.0,1.0,1.0,-0.0015,0.0,0.0,0.0
banknote,imbalance__minority_share_0.1,imbalance,random_forest,0.0993,0.0,0.4151,0.5296,0.7578,0.0,0.2416,0.0068,846,4,1.0,1.0,1.0,0.0,0.0,0.0,0.0
banknote,imbalance__minority_share_0.1,imbalance,xgboost,0.0993,0.0,0.4151,0.5296,0.7578,0.0,0.2416,0.0068,846,4,0.9941,0.9832,0.9412,0.0059,0.0,0.0588,0.9434
banknote,imbalance__minority_share_0.02,imbalance,logistic_regression,0.0193,0.0,0.4524,0.3085,0.7593,0.0,0.1565,0.0058,777,4,1.0,1.0,1.0,-0.0048,0.0,0.0,0.0
banknote,imbalance__minority_share_0.02,imbalance,random_forest,0.0193,0.0,0.4524,0.3085,0.7593,0.0,0.1565,0.0058,777,4,0.9872,0.7468,0.3333,0.0128,0.0,0.6667,0.805
banknote,imbalance__minority_share_0.02,imbalance,xgboost,0.0193,0.0,0.4524,0.3085,0.7593,0.0,0.1565,0.0058,777,4,1.0,1.0,1.0,0.0,0.0,0.0,0.0
banknote,missing_values__missing_rate_0.05,missing_values,logistic_regression,0.4446,0.0505,0.4284,0.7238,0.7935,0.0,0.3394,0.0055,1372,4,0.9782,0.9779,0.9836,-0.0311,0.0261,0.0164,0.758
banknote,missing_values__missing_rate_0.05,missing_values,random_forest,0.4446,0.0505,0.4284,0.7238,0.7935,0.0,0.3394,0.0055,1372,4,0.9927,0.9926,1.0,0.0073,0.0131,0.0,0.955
banknote,missing_values__missing_rate_0.05,missing_values,xgboost,0.4446,0.0505,0.4284,0.7238,0.7935,0.0,0.3394,0.0055,1372,4,0.9891,0.989,0.9918,0.0109,0.0131,0.0082,0.9731
banknote,missing_values__missing_rate_0.15,missing_values,logistic_regression,0.4446,0.1545,0.4264,0.7226,0.7977,0.0,0.3417,0.0036,1372,4,0.9127,0.9119,0.918,-0.0075,0.0915,0.082,0.7364
banknote,missing_values__missing_rate_0.15,missing_values,random_forest,0.4446,0.1545,0.4264,0.7226,0.7977,0.0,0.3417,0.0036,1372,4,0.9636,0.963,0.9426,0.0364,0.0196,0.0574,0.647
banknote,missing_values__missing_rate_0.15,missing_values,xgboost,0.4446,0.1545,0.4264,0.7226,0.7977,0.0,0.3417,0.0036,1372,4,0.9455,0.9443,0.9016,0.0545,0.0196,0.0984,0.7606
banknote,missing_values__missing_rate_0.25,missing_values,logistic_regression,0.4446,0.2526,0.4219,0.7198,0.8076,0.0,0.3452,0.0031,1372,4,0.8727,0.8712,0.8607,-0.0031,0.1176,0.1393,0.7448
banknote,missing_values__missing_rate_0.25,missing_values,random_forest,0.4446,0.2526,0.4219,0.7198,0.8076,0.0,0.3452,0.0031,1372,4,0.9055,0.9044,0.9016,0.0945,0.0915,0.0984,0.6835
banknote,missing_values__missing_rate_0.25,missing_values,xgboost,0.4446,0.2526,0.4219,0.7198,0.8076,0.0,0.3452,0.0031,1372,4,0.9236,0.9226,0.9098,0.0727,0.0654,0.0902,0.7476
banknote,missing_values__missing_rate_0.4,missing_values,logistic_regression,0.4446,0.3983,0.4087,0.7289,0.8065,0.0,0.3383,0.0024,1372,4,0.8327,0.8313,0.8361,-0.0187,0.1699,0.1639,0.6751
banknote,missing_values__missing_rate_0.4,missing_values,random_forest,0.4446,0.3983,0.4087,0.7289,0.8065,0.0,0.3383,0.0024,1372,4,0.8836,0.8821,0.8689,0.1082,0.1046,0.1311,0.7548
banknote,missing_values__missing_rate_0.4,missing_values,xgboost,0.4446,0.3983,0.4087,0.7289,0.8065,0.0,0.3383,0.0024,1372,4,0.8945,0.8927,0.8607,0.0763,0.0784,0.1393,0.7822
banknote,leakage__leak_strength_0.3,leakage,logistic_regression,0.4446,0.0,0.2747,0.7248,0.7869,0.0,0.3116,0.0063,1372,5,0.9964,0.9963,0.9918,-0.0091,0.0,0.0082,0.5604
banknote,leakage__leak_strength_0.3,leakage,random_forest,0.4446,0.0,0.2747,0.7248,0.7869,0.0,0.3116,0.0063,1372,5,0.9964,0.9963,1.0,0.0036,0.0065,0.0,0.72
banknote,leakage__leak_strength_0.3,leakage,xgboost,0.4446,0.0,0.2747,0.7248,0.7869,0.0,0.3116,0.0063,1372,5,0.9927,0.9926,0.9918,0.0073,0.0065,0.0082,0.7902
banknote,leakage__leak_strength_0.6,leakage,logistic_regression,0.4446,0.0,0.3257,0.7248,0.7869,0.0,0.39,0.0058,1372,5,0.9964,0.9963,0.9918,-0.0073,0.0,0.0082,0.6175
banknote,leakage__leak_strength_0.6,leakage,random_forest,0.4446,0.0,0.3257,0.7248,0.7869,0.0,0.39,0.0058,1372,5,0.9964,0.9963,1.0,0.0036,0.0065,0.0,0.69
banknote,leakage__leak_strength_0.6,leakage,xgboost,0.4446,0.0,0.3257,0.7248,0.7869,0.0,0.39,0.0058,1372,5,0.9964,0.9963,1.0,0.0036,0.0065,0.0,0.9855
banknote,leakage__leak_strength_0.8,leakage,logistic_regression,0.4446,0.0,0.3701,0.8952,0.7869,0.0,0.4488,0.0052,1372,5,1.0,1.0,1.0,-0.0018,0.0,0.0,0.0
banknote,leakage__leak_strength_0.8,leakage,random_forest,0.4446,0.0,0.3701,0.8952,0.7869,0.0,0.4488,0.0052,1372,5,1.0,1.0,1.0,0.0,0.0,0.0,0.0
banknote,leakage__leak_strength_0.8,leakage,xgboost,0.4446,0.0,0.3701,0.8952,0.7869,0.0,0.4488,0.0052,1372,5,0.9964,0.9963,0.9918,0.0036,0.0,0.0082,0.8901
banknote,leakage__leak_strength_0.95,leakage,logistic_regression,0.4446,0.0,0.3881,0.9946,0.7869,0.0,0.4687,0.0052,1372,5,1.0,1.0,1.0,0.0,0.0,0.0,0.0
banknote,leakage__leak_strength_0.95,leakage,random_forest,0.4446,0.0,0.3881,0.9946,0.7869,0.0,0.4687,0.0052,1372,5,1.0,1.0,1.0,0.0,0.0,0.0,0.0
banknote,leakage__leak_strength_0.95,leakage,xgboost,0.4446,0.0,0.3881,0.9946,0.7869,0.0,0.4687,0.0052,1372,5,1.0,1.0,1.0,0.0,0.0,0.0,0.0
banknote,feature_noise__noise_level_0.05,feature_noise,logistic_regression,0.4446,0.0,0.4249,0.7222,0.7845,0.0,0.3371,0.0058,1372,4,0.9964,0.9963,0.9918,-0.01,0.0,0.0082,0.612
banknote,feature_noise__noise_level_0.05,feature_noise,random_forest,0.4446,0.0,0.4249,0.7222,0.7845,0.0,0.3371,0.0058,1372,4,0.9927,0.9926,0.9918,0.0073,0.0065,0.0082,0.54
banknote,feature_noise__noise_level_0.05,feature_noise,xgboost,0.4446,0.0,0.4249,0.7222,0.7845,0.0,0.3371,0.0058,1372,4,0.9891,0.9889,0.9836,0.0109,0.0065,0.0164,0.7996
banknote,feature_noise__noise_level_0.15,feature_noise,logistic_regression,0.4446,0.0,0.4172,0.7119,0.7683,0.0,0.3343,0.0058,1372,4,0.9927,0.9926,0.9918,-0.0137,0.0065,0.0082,0.7679
banknote,feature_noise__noise_level_0.15,feature_noise,random_forest,0.4446,0.0,0.4172,0.7119,0.7683,0.0,0.3343,0.0058,1372,4,0.9927,0.9926,0.9918,0.0073,0.0065,0.0082,0.605
banknote,feature_noise__noise_level_0.15,feature_noise,xgboost,0.4446,0.0,0.4172,0.7119,0.7683,0.0,0.3343,0.0058,1372,4,0.9927,0.9926,0.9918,0.0073,0.0065,0.0082,0.8769
banknote,feature_noise__noise_level_0.3,feature_noise,logistic_regression,0.4446,0.0,0.3923,0.6857,0.7194,0.0,0.3248,0.0058,1372,4,0.96,0.9595,0.959,-0.0229,0.0392,0.041,0.6835
banknote,feature_noise__noise_level_0.3,feature_noise,random_forest,0.4446,0.0,0.3923,0.6857,0.7194,0.0,0.3248,0.0058,1372,4,0.9818,0.9815,0.9672,0.0182,0.0065,0.0328,0.682
banknote,feature_noise__noise_level_0.3,feature_noise,xgboost,0.4446,0.0,0.3923,0.6857,0.7194,0.0,0.3248,0.0058,1372,4,0.9891,0.989,0.9918,0.0109,0.0131,0.0082,0.8825
banknote,feature_noise__noise_level_0.5,feature_noise,logistic_regression,0.4446,0.0,0.3432,0.6374,0.6255,0.0,0.305,0.0051,1372,4,0.8982,0.8969,0.8852,-0.0267,0.0915,0.1148,0.6796
banknote,feature_noise__noise_level_0.5,feature_noise,random_forest,0.4446,0.0,0.3432,0.6374,0.6255,0.0,0.305,0.0051,1372,4,0.9091,0.9073,0.8689,0.0909,0.0588,0.1311,0.716
banknote,feature_noise__noise_level_0.5,feature_noise,xgboost,0.4446,0.0,0.3432,0.6374,0.6255,0.0,0.305,0.0051,1372,4,0.8764,0.8746,0.8525,0.1236,0.1046,0.1475,0.8001
banknote,label_noise__flip_rate_0.02,label_noise,logistic_regression,0.4439,0.0,0.4256,0.699,0.7869,0.0,0.3304,0.0066,1372,4,0.9709,0.9705,0.9672,-0.0074,0.0261,0.0328,0.8404
banknote,label_noise__flip_rate_0.02,label_noise,random_forest,0.4439,0.0,0.4256,0.699,0.7869,0.0,0.3304,0.0066,1372,4,0.9709,0.9705,0.9672,0.0291,0.0261,0.0328,0.8287
banknote,label_noise__flip_rate_0.02,label_noise,xgboost,0.4439,0.0,0.4256,0.699,0.7869,0.0,0.3304,0.0066,1372,4,0.9745,0.9742,0.959,0.0255,0.0131,0.041,0.9577
banknote,label_noise__flip_rate_0.05,label_noise,logistic_regression,0.4453,0.0,0.4256,0.651,0.7869,0.0,0.3087,0.0066,1372,4,0.9564,0.9559,0.959,-0.0238,0.0458,0.041,0.8556
banknote,label_noise__flip_rate_0.05,label_noise,random_forest,0.4453,0.0,0.4256,0.651,0.7869,0.0,0.3087,0.0066,1372,4,0.9491,0.9486,0.959,0.0473,0.0588,0.041,0.8085
banknote,label_noise__flip_rate_0.05,label_noise,xgboost,0.4453,0.0,0.4256,0.651,0.7869,0.0,0.3087,0.0066,1372,4,0.9564,0.9558,0.9508,0.0391,0.0392,0.0492,0.9108
banknote,label_noise__flip_rate_0.1,label_noise,logistic_regression,0.4483,0.0,0.4256,0.572,0.7869,0.0,0.2738,0.0066,1372,4,0.8873,0.8868,0.9187,-0.003,0.1382,0.0813,0.7925
banknote,label_noise__flip_rate_0.1,label_noise,random_forest,0.4483,0.0,0.4256,0.572,0.7869,0.0,0.2738,0.0066,1372,4,0.8945,0.8933,0.878,0.1045,0.0921,0.122,0.8127
banknote,label_noise__flip_rate_0.1,label_noise,xgboost,0.4483,0.0,0.4256,0.572,0.7869,0.0,0.2738,0.0066,1372,4,0.8836,0.8817,0.8455,0.1127,0.0855,0.1545,0.8386
banknote,label_noise__flip_rate_0.2,label_noise,logistic_regression,0.4475,0.0,0.4256,0.4287,0.7869,0.0,0.2093,0.0066,1372,4,0.8,0.7982,0.7886,-0.0142,0.1908,0.2114,0.7687
banknote,label_noise__flip_rate_0.2,label_noise,random_forest,0.4475,0.0,0.4256,0.4287,0.7869,0.0,0.2093,0.0066,1372,4,0.7418,0.7373,0.6829,0.2554,0.2105,0.3171,0.7563
banknote,label_noise__flip_rate_0.2,label_noise,xgboost,0.4475,0.0,0.4256,0.4287,0.7869,0.0,0.2093,0.0066,1372,4,0.7455,0.7417,0.6992,0.239,0.2171,0.3008,0.8297
banknote,outliers__outlier_fraction_0.01,outliers,logistic_regression,0.4446,0.0,0.2532,0.5764,0.4744,0.0,0.2669,0.0098,1372,4,0.96,0.9594,0.9426,-0.0238,0.0261,0.0574,0.682
banknote,outliers__outlier_fraction_0.01,outliers,random_forest,0.4446,0.0,0.2532,0.5764,0.4744,0.0,0.2669,0.0098,1372,4,0.9855,0.9853,0.9836,0.0145,0.0131,0.0164,0.7225
banknote,outliers__outlier_fraction_0.01,outliers,xgboost,0.4446,0.0,0.2532,0.5764,0.4744,0.0,0.2669,0.0098,1372,4,0.9855,0.9853,0.9836,0.0145,0.0131,0.0164,0.9737
banknote,outliers__outlier_fraction_0.03,outliers,logistic_regression,0.4446,0.0,0.1473,0.4248,0.2726,0.0,0.1987,0.0301,1372,4,0.8691,0.8672,0.8443,-0.0149,0.1111,0.1557,0.635
banknote,outliers__outlier_fraction_0.03,outliers,random_forest,0.4446,0.0,0.1473,0.4248,0.2726,0.0,0.1987,0.0301,1372,4,0.9927,0.9926,1.0,0.0073,0.0131,0.0,0.675
banknote,outliers__outlier_fraction_0.03,outliers,xgboost,0.4446,0.0,0.1473,0.4248,0.2726,0.0,0.1987,0.0301,1372,4,0.9927,0.9926,1.0,0.0073,0.0131,0.0,0.8837
banknote,outliers__outlier_fraction_0.05,outliers,logistic_regression,0.4446,0.0,0.0991,0.3459,0.1858,0.0,0.1657,0.0505,1372,4,0.8364,0.8293,0.7131,-0.0324,0.0654,0.2869,0.6201
banknote,outliers__outlier_fraction_0.05,outliers,random_forest,0.4446,0.0,0.0991,0.3459,0.1858,0.0,0.1657,0.0505,1372,4,0.9855,0.9853,0.9918,0.0145,0.0196,0.0082,0.6475
banknote,outliers__outlier_fraction_0.05,outliers,xgboost,0.4446,0.0,0.0991,0.3459,0.1858,0.0,0.1657,0.0505,1372,4,0.9855,0.9853,0.9918,0.0145,0.0196,0.0082,0.9695
banknote,outliers__outlier_fraction_0.1,outliers,logistic_regression,0.4446,0.0,0.0548,0.2298,0.0859,0.0,0.121,0.023,1372,4,0.6764,0.6375,0.3934,0.0173,0.098,0.6066,0.6029
banknote,outliers__outlier_fraction_0.1,outliers,random_forest,0.4446,0.0,0.0548,0.2298,0.0859,0.0,0.121,0.023,1372,4,0.96,0.9596,0.9672,0.04,0.0458,0.0328,0.63
banknote,outliers__outlier_fraction_0.1,outliers,xgboost,0.4446,0.0,0.0548,0.2298,0.0859,0.0,0.121,0.023,1372,4,0.9673,0.9669,0.9754,0.0327,0.0392,0.0246,0.8192
banknote,redundancy__n_redundant_1,redundancy,logistic_regression,0.4446,0.0,0.4674,0.7248,0.9998,0.1,0.2745,0.0071,1372,5,0.9964,0.9963,0.9918,-0.0082,0.0,0.0082,0.5839
banknote,redundancy__n_redundant_1,redundancy,random_forest,0.4446,0.0,0.4674,0.7248,0.9998,0.1,0.2745,0.0071,1372,5,0.9964,0.9963,1.0,0.0036,0.0065,0.0,0.56
banknote,redundancy__n_redundant_1,redundancy,xgboost,0.4446,0.0,0.4674,0.7248,0.9998,0.1,0.2745,0.0071,1372,5,0.9927,0.9926,0.9918,0.0073,0.0065,0.0082,0.8379
banknote,redundancy__n_redundant_2,redundancy,logistic_regression,0.4446,0.0,0.4985,0.7248,0.9998,0.1333,0.2547,0.0084,1372,6,0.9964,0.9963,0.9918,-0.0082,0.0,0.0082,0.5985
banknote,redundancy__n_redundant_2,redundancy,random_forest,0.4446,0.0,0.4985,0.7248,0.9998,0.1333,0.2547,0.0084,1372,6,1.0,1.0,1.0,0.0,0.0,0.0,0.0
banknote,redundancy__n_redundant_2,redundancy,xgboost,0.4446,0.0,0.4985,0.7248,0.9998,0.1333,0.2547,0.0084,1372,6,0.9927,0.9926,0.9918,0.0073,0.0065,0.0082,0.746
banknote,redundancy__n_redundant_3,redundancy,logistic_regression,0.4446,0.0,0.5374,0.7248,0.9998,0.1905,0.2406,0.0092,1372,7,0.9964,0.9963,0.9918,-0.0082,0.0,0.0082,0.6223
banknote,redundancy__n_redundant_3,redundancy,random_forest,0.4446,0.0,0.5374,0.7248,0.9998,0.1905,0.2406,0.0092,1372,7,1.0,1.0,1.0,0.0,0.0,0.0,0.0
banknote,redundancy__n_redundant_3,redundancy,xgboost,0.4446,0.0,0.5374,0.7248,0.9998,0.1905,0.2406,0.0092,1372,7,0.9927,0.9926,0.9918,0.0073,0.0065,0.0082,0.8443
banknote,redundancy__n_redundant_5,redundancy,logistic_regression,0.4446,0.0,0.601,0.7248,0.9998,0.1944,0.2861,0.0073,1372,9,0.9964,0.9963,0.9918,-0.0082,0.0,0.0082,0.6014
banknote,redundancy__n_redundant_5,redundancy,random_forest,0.4446,0.0,0.601,0.7248,0.9998,0.1944,0.2861,0.0073,1372,9,0.9964,0.9963,1.0,0.0036,0.0065,0.0,0.66
banknote,redundancy__n_redundant_5,redundancy,xgboost,0.4446,0.0,0.601,0.7248,0.9998,0.1944,0.2861,0.0073,1372,9,0.9964,0.9963,1.0,0.0036,0.0065,0.0,0.9823
phoneme,clean,clean,logistic_regression,0.2935,0.0,0.1261,0.331,0.317,0.0,0.2572,0.0056,5404,5,0.7401,0.6578,0.4259,0.0138,0.1296,0.5741,0.6707
phoneme,clean,clean,random_forest,0.2935,0.0,0.1261,0.331,0.317,0.0,0.2572,0.0056,5404,5,0.9093,0.8892,0.8233,0.0907,0.055,0.1767,0.6647
phoneme,clean,clean,xgboost,0.2935,0.0,0.1261,0.331,0.317,0.0,0.2572,0.0056,5404,5,0.8945,0.8735,0.8297,0.1006,0.0785,0.1703,0.7323
phoneme,imbalance__minority_share_0.3,imbalance,logistic_regression,0.3,0.0,0.1273,0.3346,0.3155,0.0,0.2602,0.0056,5286,5,0.758,0.696,0.511,-0.0031,0.1363,0.489,0.6753
phoneme,imbalance__minority_share_0.3,imbalance,random_forest,0.3,0.0,0.1273,0.3346,0.3155,0.0,0.2602,0.0056,5286,5,0.9083,0.8918,0.8644,0.0914,0.0729,0.1356,0.6759
phoneme,imbalance__minority_share_0.3,imbalance,xgboost,0.3,0.0,0.1273,0.3346,0.3155,0.0,0.2602,0.0056,5286,5,0.8904,0.8701,0.8265,0.1037,0.0823,0.1735,0.7589
phoneme,imbalance__minority_share_0.15,imbalance,logistic_regression,0.1499,0.0,0.128,0.2691,0.3267,0.0,0.2009,0.0052,4491,5,0.8532,0.562,0.1259,-0.0063,0.0183,0.8741,0.7281
phoneme,imbalance__minority_share_0.15,imbalance,random_forest,0.1499,0.0,0.128,0.2691,0.3267,0.0,0.2009,0.0052,4491,5,0.9333,0.8504,0.6296,0.0667,0.0131,0.3704,0.7028
phoneme,imbalance__minority_share_0.15,imbalance,xgboost,0.1499,0.0,0.128,0.2691,0.3267,0.0,0.2009,0.0052,4491,5,0.9244,0.8353,0.6296,0.0748,0.0236,0.3704,0.8309
phoneme,imbalance__minority_share_0.1,imbalance,logistic_regression,0.1,0.0,0.1304,0.234,0.3283,0.0,0.168,0.0055,4242,5,0.9034,0.5086,0.0353,0.0008,0.0,0.9647,0.8081
phoneme,imbalance__minority_share_0.1,imbalance,random_forest,0.1,0.0,0.1304,0.234,0.3283,0.0,0.168,0.0055,4242,5,0.9223,0.7212,0.3647,0.0777,0.0157,0.6353,0.6936
phoneme,imbalance__minority_share_0.1,imbalance,xgboost,0.1,0.0,0.1304,0.234,0.3283,0.0,0.168,0.0055,4242,5,0.9223,0.7431,0.4353,0.0771,0.0236,0.5647,0.7762
phoneme,imbalance__minority_share_0.02,imbalance,logistic_regression,0.0198,0.0,0.1357,0.0955,0.3322,0.0,0.08,0.0056,3895,5,0.9807,0.4951,0.0,-0.0006,0.0,1.0,0.9632
phoneme,imbalance__minority_share_0.02,imbalance,random_forest,0.0198,0.0,0.1357,0.0955,0.3322,0.0,0.08,0.0056,3895,5,0.982,0.558,0.0667,0.018,0.0,0.9333,0.8993
phoneme,imbalance__minority_share_0.02,imbalance,xgboost,0.0198,0.0,0.1357,0.0955,0.3322,0.0,0.08,0.0056,3895,5,0.982,0.558,0.0667,0.018,0.0,0.9333,0.9454
phoneme,missing_values__missing_rate_0.05,missing_values,logistic_regression,0.2935,0.05,0.1263,0.328,0.3213,0.0,0.2572,0.0054,5404,5,0.729,0.6397,0.3943,0.0228,0.1322,0.6057,0.6675
phoneme,missing_values__missing_rate_0.05,missing_values,random_forest,0.2935,0.05,0.1263,0.328,0.3213,0.0,0.2572,0.0054,5404,5,0.8899,0.8661,0.7981,0.1101,0.072,0.2019,0.6836
phoneme,missing_values__missing_rate_0.05,missing_values,xgboost,0.2935,0.05,0.1263,0.328,0.3213,0.0,0.2572,0.0054,5404,5,0.8723,0.8466,0.7886,0.1212,0.0929,0.2114,0.748
phoneme,missing_values__missing_rate_0.15,missing_values,logistic_regression,0.2935,0.1499,0.1314,0.3285,0.3234,0.0,0.2591,0.0047,5404,5,0.7253,0.6339,0.3849,0.0238,0.1335,0.6151,0.6715
phoneme,missing_values__missing_rate_0.15,missing_values,random_forest,0.2935,0.1499,0.1314,0.3285,0.3234,0.0,0.2591,0.0047,5404,5,0.8622,0.83,0.7287,0.1378,0.0825,0.2713,0.6872
phoneme,missing_values__missing_rate_0.15,missing_values,xgboost,0.2935,0.1499,0.1314,0.3285,0.3234,0.0,0.2591,0.0047,5404,5,0.8548,0.8253,0.7571,0.1339,0.1047,0.2429,0.7467
phoneme,missing_values__missing_rate_0.25,missing_values,logistic_regression,0.2935,0.2452,0.1321,0.3371,0.3281,0.0,0.2581,0.0043,5404,5,0.7345,0.6371,0.3691,0.0076,0.1139,0.6309,0.6724
phoneme,missing_values__missing_rate_0.25,missing_values,random_forest,0.2935,0.2452,0.1321,0.3371,0.3281,0.0,0.2581,0.0043,5404,5,0.8381,0.7975,0.6656,0.1617,0.0903,0.3344,0.6973
phoneme,missing_values__missing_rate_0.25,missing_values,xgboost,0.2935,0.2452,0.1321,0.3371,0.3281,0.0,0.2581,0.0043,5404,5,0.8316,0.793,0.6814,0.1431,0.106,0.3186,0.7481
phoneme,missing_values__missing_rate_0.4,missing_values,logistic_regression,0.2935,0.3938,0.1341,0.3436,0.3237,0.0,0.2564,0.0036,5404,5,0.7271,0.6102,0.306,0.0023,0.0982,0.694,0.6721
phoneme,missing_values__missing_rate_0.4,missing_values,random_forest,0.2935,0.3938,0.1341,0.3436,0.3237,0.0,0.2564,0.0036,5404,5,0.7983,0.7454,0.5836,0.1982,0.1126,0.4164,0.6975
phoneme,missing_values__missing_rate_0.4,missing_values,xgboost,0.2935,0.3938,0.1341,0.3436,0.3237,0.0,0.2564,0.0036,5404,5,0.7983,0.7506,0.6151,0.1434,0.1257,0.3849,0.7315
phoneme,leakage__leak_strength_0.3,leakage,logistic_regression,0.2935,0.0,0.1,0.331,0.317,0.0,0.2468,0.005,5404,6,0.7521,0.6763,0.4574,0.0171,0.1257,0.5426,0.6749
phoneme,leakage__leak_strength_0.3,leakage,random_forest,0.2935,0.0,0.1,0.331,0.317,0.0,0.2468,0.005,5404,6,0.9029,0.8805,0.8013,0.0971,0.055,0.1987,0.6564
phoneme,leakage__leak_strength_0.3,leakage,xgboost,0.2935,0.0,0.1,0.331,0.317,0.0,0.2468,0.005,5404,6,0.8881,0.8636,0.7918,0.1092,0.072,0.2082,0.7374
phoneme,leakage__leak_strength_0.6,leakage,logistic_regression,0.2935,0.0,0.132,0.5671,0.317,0.0,0.3089,0.005,5404,6,0.8483,0.8093,0.6751,0.0101,0.0798,0.3249,0.7166
phoneme,leakage__leak_strength_0.6,leakage,random_forest,0.2935,0.0,0.132,0.5671,0.317,0.0,0.3089,0.005,5404,6,0.9112,0.8899,0.8044,0.0888,0.0445,0.1956,0.6794
phoneme,leakage__leak_strength_0.6,leakage,xgboost,0.2935,0.0,0.132,0.5671,0.317,0.0,0.3089,0.005,5404,6,0.9121,0.8914,0.8107,0.087,0.0458,0.1893,0.7742
phoneme,leakage__leak_strength_0.8,leakage,logistic_regression,0.2935,0.0,0.1589,0.8777,0.317,0.0,0.3606,0.0047,5404,6,0.9833,0.9799,0.9685,0.0016,0.0105,0.0315,0.6733
phoneme,leakage__leak_strength_0.8,leakage,random_forest,0.2935,0.0,0.1589,0.8777,0.317,0.0,0.3606,0.0047,5404,6,0.9889,0.9866,0.9842,0.0111,0.0092,0.0158,0.7317
phoneme,leakage__leak_strength_0.8,leakage,xgboost,0.2935,0.0,0.1589,0.8777,0.317,0.0,0.3606,0.0047,5404,6,0.9861,0.9833,0.9811,0.0139,0.0118,0.0189,0.8887
phoneme,leakage__leak_strength_0.95,leakage,logistic_regression,0.2935,0.0,0.1691,0.9934,0.3297,0.0,0.3799,0.0047,5404,6,1.0,1.0,1.0,0.0,0.0,0.0,0.0
phoneme,leakage__leak_strength_0.95,leakage,random_forest,0.2935,0.0,0.1691,0.9934,0.3297,0.0,0.3799,0.0047,5404,6,1.0,1.0,1.0,0.0,0.0,0.0,0.0
phoneme,leakage__leak_strength_0.95,leakage,xgboost,0.2935,0.0,0.1691,0.9934,0.3297,0.0,0.3799,0.0047,5404,6,1.0,1.0,1.0,0.0,0.0,0.0,0.0
phoneme,feature_noise__noise_level_0.05,feature_noise,logistic_regression,0.2935,0.0,0.1254,0.3306,0.3163,0.0,0.2567,0.0057,5404,5,0.7364,0.6513,0.4132,0.0184,0.1296,0.5868,0.6684
phoneme,feature_noise__noise_level_0.05,feature_noise,random_forest,0.2935,0.0,0.1254,0.3306,0.3163,0.0,0.2567,0.0057,5404,5,0.8834,0.8591,0.7981,0.1166,0.0812,0.2019,0.6696
phoneme,feature_noise__noise_level_0.05,feature_noise,xgboost,0.2935,0.0,0.1254,0.3306,0.3163,0.0,0.2567,0.0057,5404,5,0.8751,0.8489,0.7823,0.1186,0.0864,0.2177,0.7513
phoneme,feature_noise__noise_level_0.15,feature_noise,logistic_regression,0.2935,0.0,0.1223,0.3275,0.3105,0.0,0.2538,0.0056,5404,5,0.7364,0.6529,0.4196,0.0159,0.1322,0.5804,0.6682
phoneme,feature_noise__noise_level_0.15,feature_noise,random_forest,0.2935,0.0,0.1223,0.3275,0.3105,0.0,0.2538,0.0056,5404,5,0.8353,0.7999,0.7066,0.1647,0.1113,0.2934,0.6767
phoneme,feature_noise__noise_level_0.15,feature_noise,xgboost,0.2935,0.0,0.1223,0.3275,0.3105,0.0,0.2538,0.0056,5404,5,0.8205,0.7815,0.6782,0.1688,0.1204,0.3218,0.7498
phoneme,feature_noise__noise_level_0.3,feature_noise,logistic_regression,0.2935,0.0,0.1138,0.3175,0.2923,0.0,0.2454,0.0052,5404,5,0.7419,0.6578,0.4196,0.0064,0.1243,0.5804,0.6712
phoneme,feature_noise__noise_level_0.3,feature_noise,random_forest,0.2935,0.0,0.1138,0.3175,0.2923,0.0,0.2454,0.0052,5404,5,0.8011,0.7538,0.6183,0.1987,0.123,0.3817,0.6812
phoneme,feature_noise__noise_level_0.3,feature_noise,xgboost,0.2935,0.0,0.1138,0.3175,0.2923,0.0,0.2454,0.0052,5404,5,0.7891,0.7427,0.6215,0.197,0.1414,0.3785,0.7516
phoneme,feature_noise__noise_level_0.5,feature_noise,logistic_regression,0.2935,0.0,0.0991,0.297,0.2565,0.0,0.2286,0.0044,5404,5,0.7382,0.6494,0.4006,0.0034,0.1217,0.5994,0.6685
phoneme,feature_noise__noise_level_0.5,feature_noise,random_forest,0.2935,0.0,0.0991,0.297,0.2565,0.0,0.2286,0.0044,5404,5,0.766,0.6983,0.4984,0.2338,0.123,0.5016,0.6692
phoneme,feature_noise__noise_level_0.5,feature_noise,xgboost,0.2935,0.0,0.0991,0.297,0.2565,0.0,0.2286,0.0044,5404,5,0.7484,0.6816,0.4953,0.2273,0.1466,0.5047,0.7337
phoneme,label_noise__flip_rate_0.02,label_noise,logistic_regression,0.3009,0.0,0.1261,0.3144,0.317,0.0,0.2444,0.0056,5404,5,0.7438,0.6795,0.4923,-0.0021,0.1481,0.5077,0.6544
phoneme,label_noise__flip_rate_0.02,label_noise,random_forest,0.3009,0.0,0.1261,0.3144,0.317,0.0,0.2444,0.0056,5404,5,0.8964,0.8753,0.8062,0.1036,0.0648,0.1938,0.6869
phoneme,label_noise__flip_rate_0.02,label_noise,xgboost,0.3009,0.0,0.1261,0.3144,0.317,0.0,0.2444,0.0056,5404,5,0.8982,0.8784,0.8215,0.0872,0.0688,0.1785,0.7716
phoneme,label_noise__flip_rate_0.05,label_noise,logistic_regression,0.3138,0.0,0.1261,0.2959,0.317,0.0,0.2262,0.0056,5404,5,0.7188,0.6486,0.4336,0.0085,0.1509,0.5664,0.6598
phoneme,label_noise__flip_rate_0.05,label_noise,random_forest,0.3138,0.0,0.1261,0.2959,0.317,0.0,0.2262,0.0056,5404,5,0.8492,0.8199,0.7109,0.1506,0.0876,0.2891,0.7128
phoneme,label_noise__flip_rate_0.05,label_noise,xgboost,0.3138,0.0,0.1261,0.2959,0.317,0.0,0.2262,0.0056,5404,5,0.852,0.8231,0.7139,0.1198,0.0849,0.2861,0.7772
phoneme,label_noise__flip_rate_0.1,label_noise,logistic_regression,0.3409,0.0,0.1261,0.2523,0.317,0.0,0.1972,0.0056,5404,5,0.7031,0.6353,0.3995,-0.0114,0.1403,0.6005,0.6467
phoneme,label_noise__flip_rate_0.1,label_noise,random_forest,0.3409,0.0,0.1261,0.2523,0.317,0.0,0.1972,0.0056,5404,5,0.8104,0.7774,0.625,0.1894,0.094,0.375,0.7106
phoneme,label_noise__flip_rate_0.1,label_noise,xgboost,0.3409,0.0,0.1261,0.2523,0.317,0.0,0.1972,0.0056,5404,5,0.7946,0.7591,0.6033,0.1505,0.1066,0.3967,0.742
phoneme,label_noise__flip_rate_0.2,label_noise,logistic_regression,0.3784,0.0,0.1261,0.2021,0.317,0.0,0.1415,0.0056,5404,5,0.6466,0.5883,0.357,0.0168,0.1771,0.643,0.6323
phoneme,label_noise__flip_rate_0.2,label_noise,random_forest,0.3784,0.0,0.1261,0.2021,0.317,0.0,0.1415,0.0056,5404,5,0.7225,0.6956,0.5623,0.2768,0.1801,0.4377,0.7004
phoneme,label_noise__flip_rate_0.2,label_noise,xgboost,0.3784,0.0,0.1261,0.2021,0.317,0.0,0.1415,0.0056,5404,5,0.6929,0.6594,0.5012,0.2271,0.1905,0.4988,0.7332
phoneme,outliers__outlier_fraction_0.01,outliers,logistic_regression,0.2935,0.0,0.0809,0.2459,0.1966,0.0,0.2023,0.0101,5404,5,0.7271,0.6113,0.3091,0.0002,0.0995,0.6909,0.6657
phoneme,outliers__outlier_fraction_0.01,outliers,random_forest,0.2935,0.0,0.0809,0.2459,0.1966,0.0,0.2023,0.0101,5404,5,0.9047,0.8843,0.8265,0.0953,0.0628,0.1735,0.6606
phoneme,outliers__outlier_fraction_0.01,outliers,xgboost,0.2935,0.0,0.0809,0.2459,0.1966,0.0,0.2023,0.0101,5404,5,0.8862,0.8616,0.7918,0.1089,0.0746,0.2082,0.753
phoneme,outliers__outlier_fraction_0.03,outliers,logistic_regression,0.2935,0.0,0.0475,0.1802,0.1103,0.0,0.1492,0.0297,5404,5,0.7021,0.5154,0.1388,0.0043,0.0641,0.8612,0.6731
phoneme,outliers__outlier_fraction_0.03,outliers,random_forest,0.2935,0.0,0.0475,0.1802,0.1103,0.0,0.1492,0.0297,5404,5,0.9047,0.8836,0.817,0.0953,0.0589,0.183,0.6768
phoneme,outliers__outlier_fraction_0.03,outliers,xgboost,0.2935,0.0,0.0475,0.1802,0.1103,0.0,0.1492,0.0297,5404,5,0.8936,0.8706,0.8044,0.1038,0.0694,0.1956,0.7827
phoneme,outliers__outlier_fraction_0.05,outliers,logistic_regression,0.2935,0.0,0.0273,0.1567,0.0733,0.0,0.1202,0.05,5404,5,0.6836,0.4834,0.1041,0.0043,0.0759,0.8959,0.6704
phoneme,outliers__outlier_fraction_0.05,outliers,random_forest,0.2935,0.0,0.0273,0.1567,0.0733,0.0,0.1202,0.05,5404,5,0.8862,0.8602,0.776,0.1138,0.0681,0.224,0.6721
phoneme,outliers__outlier_fraction_0.05,outliers,xgboost,0.2935,0.0,0.0273,0.1567,0.0733,0.0,0.1202,0.05,5404,5,0.8686,0.8397,0.7571,0.1265,0.0851,0.2429,0.7576
phoneme,outliers__outlier_fraction_0.1,outliers,logistic_regression,0.2935,0.0,0.012,0.1029,0.0373,0.0,0.0741,0.0,5404,5,0.6994,0.4232,0.0126,0.0055,0.0157,0.9874,0.6824
phoneme,outliers__outlier_fraction_0.1,outliers,random_forest,0.2935,0.0,0.012,0.1029,0.0373,0.0,0.0741,0.0,5404,5,0.8696,0.8379,0.7287,0.1304,0.072,0.2713,0.6715
phoneme,outliers__outlier_fraction_0.1,outliers,xgboost,0.2935,0.0,0.012,0.1029,0.0373,0.0,0.0741,0.0,5404,5,0.8622,0.8314,0.7413,0.1358,0.0877,0.2587,0.7668
phoneme,redundancy__n_redundant_1,redundancy,logistic_regression,0.2935,0.0,0.1618,0.331,0.9998,0.0667,0.2387,0.007,5404,6,0.7391,0.657,0.4259,0.015,0.1309,0.5741,0.67
phoneme,redundancy__n_redundant_1,redundancy,random_forest,0.2935,0.0,0.1618,0.331,0.9998,0.0667,0.2387,0.007,5404,6,0.9103,0.8911,0.836,0.0897,0.0589,0.164,0.6693
phoneme,redundancy__n_redundant_1,redundancy,xgboost,0.2935,0.0,0.1618,0.331,0.9998,0.0667,0.2387,0.007,5404,6,0.9038,0.8835,0.8297,0.093,0.0654,0.1703,0.77
phoneme,redundancy__n_redundant_2,redundancy,logistic_regression,0.2935,0.0,0.1872,0.3312,0.9998,0.0952,0.2519,0.0061,5404,7,0.7401,0.6578,0.4259,0.0138,0.1296,0.5741,0.6707
phoneme,redundancy__n_redundant_2,redundancy,random_forest,0.2935,0.0,0.1872,0.3312,0.9998,0.0952,0.2519,0.0061,5404,7,0.8973,0.8741,0.7981,0.1027,0.0615,0.2019,0.6444
phoneme,redundancy__n_redundant_2,redundancy,xgboost,0.2935,0.0,0.1872,0.3312,0.9998,0.0952,0.2519,0.0061,5404,7,0.8955,0.8754,0.8423,0.0999,0.0825,0.1577,0.7589
phoneme,redundancy__n_redundant_3,redundancy,logistic_regression,0.2935,0.0,0.1986,0.331,0.9998,0.1071,0.2579,0.0053,5404,8,0.741,0.6594,0.429,0.0127,0.1296,0.571,0.6718
phoneme,redundancy__n_redundant_3,redundancy,random_forest,0.2935,0.0,0.1986,0.331,0.9998,0.1071,0.2579,0.0053,5404,8,0.9038,0.8829,0.8202,0.0962,0.0615,0.1798,0.6687
phoneme,redundancy__n_redundant_3,redundancy,xgboost,0.2935,0.0,0.1986,0.331,0.9998,0.1071,0.2579,0.0053,5404,8,0.8945,0.8728,0.8202,0.1025,0.0746,0.1798,0.7471
phoneme,redundancy__n_redundant_5,redundancy,logistic_regression,0.2935,0.0,0.242,0.331,0.9998,0.1333,0.2525,0.0043,5404,10,0.7373,0.6537,0.4196,0.0168,0.1309,0.5804,0.669
phoneme,redundancy__n_redundant_5,redundancy,random_forest,0.2935,0.0,0.242,0.331,0.9998,0.1333,0.2525,0.0043,5404,10,0.9093,0.8892,0.8233,0.0907,0.055,0.1767,0.6638
phoneme,redundancy__n_redundant_5,redundancy,xgboost,0.2935,0.0,0.242,0.331,0.9998,0.1333,0.2525,0.0043,5404,10,0.9103,0.8911,0.836,0.0888,0.0589,0.164,0.7796
ionosphere,clean,clean,logistic_regression,0.359,0.0,0.2306,0.5191,0.8256,0.0,0.184,0.0037,351,34,0.8451,0.8114,0.6,0.0799,0.4,0.0217,0.7044
ionosphere,clean,clean,random_forest,0.359,0.0,0.2306,0.5191,0.8256,0.0,0.184,0.0037,351,34,0.9437,0.9371,0.88,0.0563,0.12,0.0217,0.8075
ionosphere,clean,clean,xgboost,0.359,0.0,0.2306,0.5191,0.8256,0.0,0.184,0.0037,351,34,0.9296,0.9205,0.84,0.0704,0.16,0.0217,0.9187
ionosphere,imbalance__minority_share_0.3,imbalance,logistic_regression,0.2991,0.0,0.2428,0.5362,0.8603,0.0,0.1935,0.0079,321,34,0.9231,0.8985,0.7368,0.0144,0.2632,0.0,0.8758
ionosphere,imbalance__minority_share_0.3,imbalance,random_forest,0.2991,0.0,0.2428,0.5362,0.8603,0.0,0.1935,0.0079,321,34,0.9077,0.8805,0.7368,0.0923,0.2632,0.0217,0.69
ionosphere,imbalance__minority_share_0.3,imbalance,xgboost,0.2991,0.0,0.2428,0.5362,0.8603,0.0,0.1935,0.0079,321,34,0.9077,0.8805,0.7368,0.0923,0.2632,0.0217,0.8365
ionosphere,imbalance__minority_share_0.15,imbalance,logistic_regression,0.1477,0.0,0.3084,0.6176,0.9135,0.0,0.1879,0.0045,264,34,0.9057,0.7808,0.5,0.0659,0.5,0.0222,0.713
ionosphere,imbalance__minority_share_0.15,imbalance,random_forest,0.1477,0.0,0.3084,0.6176,0.9135,0.0,0.1879,0.0045,264,34,0.9623,0.9264,0.875,0.0377,0.125,0.0222,0.7
ionosphere,imbalance__minority_share_0.15,imbalance,xgboost,0.1477,0.0,0.3084,0.6176,0.9135,0.0,0.1879,0.0045,264,34,0.9434,0.8835,0.75,0.0566,0.25,0.0222,0.8603
ionosphere,imbalance__minority_share_0.1,imbalance,logistic_regression,0.1,0.0,0.3311,0.6227,0.9175,0.0,0.19,0.0051,250,34,0.94,0.7696,0.4,0.035,0.6,0.0,0.7771
ionosphere,imbalance__minority_share_0.1,imbalance,random_forest,0.1,0.0,0.3311,0.6227,0.9175,0.0,0.19,0.0051,250,34,0.96,0.8641,0.6,0.04,0.4,0.0,0.55
ionosphere,imbalance__minority_share_0.1,imbalance,xgboost,0.1,0.0,0.3311,0.6227,0.9175,0.0,0.19,0.0051,250,34,1.0,1.0,1.0,0.0,0.0,0.0,0.0
ionosphere,imbalance__minority_share_0.02,imbalance,logistic_regression,0.0175,0.0,0.3883,0.704,0.9749,0.0036,0.1393,0.0032,229,34,0.9783,0.4945,0.0,0.0163,1.0,0.0,0.9979
ionosphere,imbalance__minority_share_0.02,imbalance,random_forest,0.0175,0.0,0.3883,0.704,0.9749,0.0036,0.1393,0.0032,229,34,0.9783,0.4945,0.0,0.0217,1.0,0.0,1.0
ionosphere,imbalance__minority_share_0.02,imbalance,xgboost,0.0175,0.0,0.3883,0.704,0.9749,0.0036,0.1393,0.0032,229,34,0.9783,0.4945,0.0,0.0217,1.0,0.0,0.9982
ionosphere,missing_values__missing_rate_0.05,missing_values,logistic_regression,0.359,0.0517,0.2336,0.5182,0.8244,0.0,0.1821,0.0044,351,34,0.8451,0.8114,0.6,0.0728,0.4,0.0217,0.7099
ionosphere,missing_values__missing_rate_0.05,missing_values,random_forest,0.359,0.0517,0.2336,0.5182,0.8244,0.0,0.1821,0.0044,351,34,0.9437,0.9371,0.88,0.0563,0.12,0.0217,0.8
ionosphere,missing_values__missing_rate_0.05,missing_values,xgboost,0.359,0.0517,0.2336,0.5182,0.8244,0.0,0.1821,0.0044,351,34,0.9296,0.9205,0.84,0.0704,0.16,0.0217,0.9502
ionosphere,missing_values__missing_rate_0.15,missing_values,logistic_regression,0.359,0.1523,0.2381,0.5211,0.824,0.0,0.1844,0.0039,351,34,0.8592,0.831,0.64,0.048,0.36,0.0217,0.7211
ionosphere,missing_values__missing_rate_0.15,missing_values,random_forest,0.359,0.1523,0.2381,0.5211,0.824,0.0,0.1844,0.0039,351,34,0.9296,0.9221,0.88,0.0704,0.12,0.0435,0.772
ionosphere,missing_values__missing_rate_0.15,missing_values,xgboost,0.359,0.1523,0.2381,0.5211,0.824,0.0,0.1844,0.0039,351,34,0.9014,0.8887,0.8,0.0986,0.2,0.0435,0.8486
ionosphere,missing_values__missing_rate_0.25,missing_values,logistic_regression,0.359,0.2504,0.2435,0.5145,0.8269,0.0,0.1831,0.0028,351,34,0.8451,0.8114,0.6,0.0621,0.4,0.0217,0.7175
ionosphere,missing_values__missing_rate_0.25,missing_values,random_forest,0.359,0.2504,0.2435,0.5145,0.8269,0.0,0.1831,0.0028,351,34,0.9437,0.9371,0.88,0.0563,0.12,0.0217,0.805
ionosphere,missing_values__missing_rate_0.25,missing_values,xgboost,0.359,0.2504,0.2435,0.5145,0.8269,0.0,0.1831,0.0028,351,34,0.9014,0.8887,0.8,0.0986,0.2,0.0435,0.8069
ionosphere,missing_values__missing_rate_0.4,missing_values,logistic_regression,0.359,0.3989,0.2429,0.5202,0.8818,0.0,0.1872,0.0021,351,34,0.8732,0.8536,0.72,0.0018,0.28,0.0435,0.7164
ionosphere,missing_values__missing_rate_0.4,missing_values,random_forest,0.359,0.3989,0.2429,0.5202,0.8818,0.0,0.1872,0.0021,351,34,0.8592,0.8483,0.84,0.1408,0.16,0.1304,0.637
ionosphere,missing_values__missing_rate_0.4,missing_values,xgboost,0.359,0.3989,0.2429,0.5202,0.8818,0.0,0.1872,0.0021,351,34,0.9155,0.9074,0.88,0.0845,0.12,0.0652,0.7453
ionosphere,leakage__leak_strength_0.3,leakage,logistic_regression,0.359,0.0,0.2199,0.5191,0.8256,0.0,0.1839,0.0038,351,35,0.8169,0.7832,0.6,0.101,0.4,0.0652,0.7086
ionosphere,leakage__leak_strength_0.3,leakage,random_forest,0.359,0.0,0.2199,0.5191,0.8256,0.0,0.1839,0.0038,351,35,0.9437,0.9371,0.88,0.0563,0.12,0.0217,0.7475
ionosphere,leakage__leak_strength_0.3,leakage,xgboost,0.359,0.0,0.2199,0.5191,0.8256,0.0,0.1839,0.0038,351,35,0.9296,0.9205,0.84,0.0704,0.16,0.0217,0.9242
ionosphere,leakage__leak_strength_0.6,leakage,logistic_regression,0.359,0.0,0.2235,0.5708,0.8256,0.0,0.1954,0.0037,351,35,0.831,0.8024,0.64,0.1226,0.36,0.0652,0.7148
ionosphere,leakage__leak_strength_0.6,leakage,random_forest,0.359,0.0,0.2235,0.5708,0.8256,0.0,0.1954,0.0037,351,35,0.9437,0.9371,0.88,0.0563,0.12,0.0217,0.7075
ionosphere,leakage__leak_strength_0.6,leakage,xgboost,0.359,0.0,0.2235,0.5708,0.8256,0.0,0.1954,0.0037,351,35,0.8873,0.8683,0.72,0.1127,0.28,0.0217,0.8429
ionosphere,leakage__leak_strength_0.8,leakage,logistic_regression,0.359,0.0,0.2267,0.8834,0.8256,0.0,0.2046,0.0036,351,35,0.9437,0.9357,0.84,0.0421,0.16,0.0,0.6028
ionosphere,leakage__leak_strength_0.8,leakage,random_forest,0.359,0.0,0.2267,0.8834,0.8256,0.0,0.2046,0.0036,351,35,0.9859,0.9844,0.96,0.0141,0.04,0.0,0.58
ionosphere,leakage__leak_strength_0.8,leakage,xgboost,0.359,0.0,0.2267,0.8834,0.8256,0.0,0.2046,0.0036,351,35,0.9296,0.9205,0.84,0.0704,0.16,0.0217,0.8867
ionosphere,leakage__leak_strength_0.95,leakage,logistic_regression,0.359,0.0,0.2278,0.9939,0.8256,0.0,0.2078,0.0036,351,35,1.0,1.0,1.0,0.0,0.0,0.0,0.0
ionosphere,leakage__leak_strength_0.95,leakage,random_forest,0.359,0.0,0.2278,0.9939,0.8256,0.0,0.2078,0.0036,351,35,1.0,1.0,1.0,0.0,0.0,0.0,0.0
ionosphere,leakage__leak_strength_0.95,leakage,xgboost,0.359,0.0,0.2278,0.9939,0.8256,0.0,0.2078,0.0036,351,35,1.0,1.0,1.0,0.0,0.0,0.0,0.0
ionosphere,feature_noise__noise_level_0.05,feature_noise,logistic_regression,0.359,0.0,0.2304,0.5164,0.8227,0.0,0.184,0.0039,351,34,0.8451,0.8114,0.6,0.0799,0.4,0.0217,0.7129
ionosphere,feature_noise__noise_level_0.05,feature_noise,random_forest,0.359,0.0,0.2304,0.5164,0.8227,0.0,0.184,0.0039,351,34,0.9437,0.9371,0.88,0.0563,0.12,0.0217,0.7925
ionosphere,feature_noise__noise_level_0.05,feature_noise,xgboost,0.359,0.0,0.2304,0.5164,0.8227,0.0,0.184,0.0039,351,34,0.9155,0.9035,0.8,0.0845,0.2,0.0217,0.9106
ionosphere,feature_noise__noise_level_0.15,feature_noise,logistic_regression,0.359,0.0,0.2268,0.5077,0.8048,0.0,0.1826,0.0034,351,34,0.831,0.7971,0.6,0.094,0.4,0.0435,0.713
ionosphere,feature_noise__noise_level_0.15,feature_noise,random_forest,0.359,0.0,0.2268,0.5077,0.8048,0.0,0.1826,0.0034,351,34,0.9296,0.9221,0.88,0.0704,0.12,0.0435,0.77
ionosphere,feature_noise__noise_level_0.15,feature_noise,xgboost,0.359,0.0,0.2268,0.5077,0.8048,0.0,0.1826,0.0034,351,34,0.8732,0.8569,0.76,0.1268,0.24,0.0652,0.7879
ionosphere,feature_noise__noise_level_0.3,feature_noise,logistic_regression,0.359,0.0,0.2146,0.4878,0.7529,0.0,0.1775,0.0032,351,34,0.8028,0.7633,0.56,0.1079,0.44,0.0652,0.7048
ionosphere,feature_noise__noise_level_0.3,feature_noise,random_forest,0.359,0.0,0.2146,0.4878,0.7529,0.0,0.1775,0.0032,351,34,0.9014,0.8909,0.84,0.0986,0.16,0.0652,0.6857
ionosphere,feature_noise__noise_level_0.3,feature_noise,xgboost,0.359,0.0,0.2146,0.4878,0.7529,0.0,0.1775,0.0032,351,34,0.8592,0.8392,0.72,0.1408,0.28,0.0652,0.7705
ionosphere,feature_noise__noise_level_0.5,feature_noise,logistic_regression,0.359,0.0,0.1898,0.4528,0.6562,0.0,0.1665,0.0032,351,34,0.831,0.8024,0.64,0.0762,0.36,0.0652,0.7754
ionosphere,feature_noise__noise_level_0.5,feature_noise,random_forest,0.359,0.0,0.1898,0.4528,0.6562,0.0,0.1665,0.0032,351,34,0.8873,0.8741,0.8,0.1127,0.2,0.0652,0.655
ionosphere,feature_noise__noise_level_0.5,feature_noise,xgboost,0.359,0.0,0.1898,0.4528,0.6562,0.0,0.1665,0.0032,351,34,0.8592,0.8392,0.72,0.1408,0.28,0.0652,0.8267
ionosphere,label_noise__flip_rate_0.02,label_noise,logistic_regression,0.3675,0.0,0.2306,0.4879,0.8256,0.0,0.1712,0.0037,351,34,0.8169,0.7832,0.5769,0.0867,0.4231,0.0444,0.8113
ionosphere,label_noise__flip_rate_0.02,label_noise,random_forest,0.3675,0.0,0.2306,0.4879,0.8256,0.0,0.1712,0.0037,351,34,0.8873,0.8786,0.8462,0.1127,0.1538,0.0889,0.6475
ionosphere,label_noise__flip_rate_0.02,label_noise,xgboost,0.3675,0.0,0.2306,0.4879,0.8256,0.0,0.1712,0.0037,351,34,0.9014,0.8929,0.8462,0.0986,0.1538,0.0667,0.8441
ionosphere,label_noise__flip_rate_0.05,label_noise,logistic_regression,0.3647,0.0,0.2306,0.4672,0.8256,0.0,0.1673,0.0037,351,34,0.8169,0.7832,0.5769,0.0831,0.4231,0.0444,0.7782
ionosphere,label_noise__flip_rate_0.05,label_noise,random_forest,0.3647,0.0,0.2306,0.4672,0.8256,0.0,0.1673,0.0037,351,34,0.831,0.8112,0.6923,0.169,0.3077,0.0889,0.705
ionosphere,label_noise__flip_rate_0.05,label_noise,xgboost,0.3647,0.0,0.2306,0.4672,0.8256,0.0,0.1673,0.0037,351,34,0.7887,0.7705,0.6923,0.2113,0.3077,0.1556,0.7469
ionosphere,label_noise__flip_rate_0.1,label_noise,logistic_regression,0.3675,0.0,0.2306,0.4115,0.8256,0.0,0.149,0.0037,351,34,0.8028,0.7695,0.5769,0.0615,0.4231,0.0667,0.7662
ionosphere,label_noise__flip_rate_0.1,label_noise,random_forest,0.3675,0.0,0.2306,0.4115,0.8256,0.0,0.149,0.0037,351,34,0.8451,0.8286,0.7308,0.1549,0.2692,0.0889,0.7336
ionosphere,label_noise__flip_rate_0.1,label_noise,xgboost,0.3675,0.0,0.2306,0.4115,0.8256,0.0,0.149,0.0037,351,34,0.8451,0.8286,0.7308,0.1549,0.2692,0.0889,0.8588
ionosphere,label_noise__flip_rate_0.2,label_noise,logistic_regression,0.4217,0.0,0.2306,0.3067,0.8256,0.0,0.1006,0.0037,351,34,0.7042,0.6498,0.3667,0.0743,0.6333,0.0488,0.7208
ionosphere,label_noise__flip_rate_0.2,label_noise,random_forest,0.4217,0.0,0.2306,0.3067,0.8256,0.0,0.1006,0.0037,351,34,0.6761,0.6538,0.5,0.3239,0.5,0.1951,0.7478
ionosphere,label_noise__flip_rate_0.2,label_noise,xgboost,0.4217,0.0,0.2306,0.3067,0.8256,0.0,0.1006,0.0037,351,34,0.6479,0.6237,0.4667,0.3521,0.5333,0.2195,0.8966
ionosphere,outliers__outlier_fraction_0.01,outliers,logistic_regression,0.359,0.0,0.1595,0.4935,0.6117,0.0,0.1578,0.009,351,34,0.831,0.8071,0.68,0.0762,0.32,0.087,0.7391
ionosphere,outliers__outlier_fraction_0.01,outliers,random_forest,0.359,0.0,0.1595,0.4935,0.6117,0.0,0.1578,0.009,351,34,0.9437,0.9371,0.88,0.0563,0.12,0.0217,0.7675
ionosphere,outliers__outlier_fraction_0.01,outliers,xgboost,0.359,0.0,0.1595,0.4935,0.6117,0.0,0.1578,0.009,351,34,0.9155,0.9035,0.8,0.0845,0.2,0.0217,0.8629
ionosphere,outliers__outlier_fraction_0.03,outliers,logistic_regression,0.359,0.0,0.0963,0.4274,0.3336,0.0,0.1226,0.0293,351,34,0.7746,0.7482,0.64,0.0789,0.36,0.1522,0.8082
ionosphere,outliers__outlier_fraction_0.03,outliers,random_forest,0.359,0.0,0.0963,0.4274,0.3336,0.0,0.1226,0.0293,351,34,0.9437,0.9371,0.88,0.0563,0.12,0.0217,0.79
ionosphere,outliers__outlier_fraction_0.03,outliers,xgboost,0.359,0.0,0.0963,0.4274,0.3336,0.0,0.1226,0.0293,351,34,0.9296,0.9205,0.84,0.0704,0.16,0.0217,0.8884
ionosphere,outliers__outlier_fraction_0.05,outliers,logistic_regression,0.359,0.0,0.07,0.318,0.3204,0.0,0.1027,0.0507,351,34,0.7183,0.6707,0.48,0.0745,0.52,0.1522,0.6852
ionosphere,outliers__outlier_fraction_0.05,outliers,random_forest,0.359,0.0,0.07,0.318,0.3204,0.0,0.1027,0.0507,351,34,0.9296,0.9205,0.84,0.0704,0.16,0.0217,0.718
ionosphere,outliers__outlier_fraction_0.05,outliers,xgboost,0.359,0.0,0.07,0.318,0.3204,0.0,0.1027,0.0507,351,34,0.9296,0.9221,0.88,0.0704,0.12,0.0435,0.8897
ionosphere,outliers__outlier_fraction_0.1,outliers,logistic_regression,0.359,0.0,0.0482,0.2845,0.2126,0.0,0.0721,0.0319,351,34,0.6901,0.6172,0.36,0.0777,0.64,0.1304,0.6917
ionosphere,outliers__outlier_fraction_0.1,outliers,random_forest,0.359,0.0,0.0482,0.2845,0.2126,0.0,0.0721,0.0319,351,34,0.9296,0.9205,0.84,0.0704,0.16,0.0217,0.706
ionosphere,outliers__outlier_fraction_0.1,outliers,xgboost,0.359,0.0,0.0482,0.2845,0.2126,0.0,0.0721,0.0319,351,34,0.9437,0.9383,0.92,0.0563,0.08,0.0435,0.8418
ionosphere,redundancy__n_redundant_1,redundancy,logistic_regression,0.359,0.0,0.2337,0.5191,0.9998,0.0017,0.1859,0.0036,351,35,0.8451,0.8114,0.6,0.0799,0.4,0.0217,0.7042
ionosphere,redundancy__n_redundant_1,redundancy,random_forest,0.359,0.0,0.2337,0.5191,0.9998,0.0017,0.1859,0.0036,351,35,0.9437,0.9371,0.88,0.0563,0.12,0.0217,0.75
ionosphere,redundancy__n_redundant_1,redundancy,xgboost,0.359,0.0,0.2337,0.5191,0.9998,0.0017,0.1859,0.0036,351,35,0.9296,0.9205,0.84,0.0704,0.16,0.0217,0.9276
ionosphere,redundancy__n_redundant_2,redundancy,logistic_regression,0.359,0.0,0.2329,0.5191,0.9998,0.0032,0.1839,0.0035,351,36,0.8451,0.8114,0.6,0.0799,0.4,0.0217,0.7077
ionosphere,redundancy__n_redundant_2,redundancy,random_forest,0.359,0.0,0.2329,0.5191,0.9998,0.0032,0.1839,0.0035,351,36,0.9437,0.9371,0.88,0.0563,0.12,0.0217,0.79
ionosphere,redundancy__n_redundant_2,redundancy,xgboost,0.359,0.0,0.2329,0.5191,0.9998,0.0032,0.1839,0.0035,351,36,0.9296,0.9205,0.84,0.0704,0.16,0.0217,0.9276
ionosphere,redundancy__n_redundant_3,redundancy,logistic_regression,0.359,0.0,0.2302,0.5191,0.9998,0.0045,0.1821,0.0034,351,37,0.8451,0.8114,0.6,0.0799,0.4,0.0217,0.7074
ionosphere,redundancy__n_redundant_3,redundancy,random_forest,0.359,0.0,0.2302,0.5191,0.9998,0.0045,0.1821,0.0034,351,37,0.9437,0.9371,0.88,0.0563,0.12,0.0217,0.785
ionosphere,redundancy__n_redundant_3,redundancy,xgboost,0.359,0.0,0.2302,0.5191,0.9998,0.0045,0.1821,0.0034,351,37,0.9296,0.9205,0.84,0.0704,0.16,0.0217,0.8997
ionosphere,redundancy__n_redundant_5,redundancy,logistic_regression,0.359,0.0,0.2352,0.5191,0.9998,0.0067,0.1801,0.0032,351,39,0.8451,0.8114,0.6,0.0799,0.4,0.0217,0.7107
ionosphere,redundancy__n_redundant_5,redundancy,random_forest,0.359,0.0,0.2352,0.5191,0.9998,0.0067,0.1801,0.0032,351,39,0.9437,0.9371,0.88,0.0563,0.12,0.0217,0.7575
ionosphere,redundancy__n_redundant_5,redundancy,xgboost,0.359,0.0,0.2352,0.5191,0.9998,0.0067,0.1801,0.0032,351,39,0.9014,0.8861,0.76,0.0986,0.24,0.0217,0.8597
diabetes,clean,clean,logistic_regression,0.349,0.0,0.1717,0.4666,0.5443,0.0,0.208,0.0151,768,8,0.7792,0.7427,0.5741,-0.0007,0.11,0.4259,0.6646
diabetes,clean,clean,random_forest,0.349,0.0,0.1717,0.4666,0.5443,0.0,0.208,0.0151,768,8,0.8117,0.7818,0.6296,0.1883,0.09,0.3704,0.6879
diabetes,clean,clean,xgboost,0.349,0.0,0.1717,0.4666,0.5443,0.0,0.208,0.0151,768,8,0.7597,0.7275,0.5926,0.2403,0.15,0.4074,0.7919
diabetes,imbalance__minority_share_0.3,imbalance,logistic_regression,0.2997,0.0,0.1716,0.4462,0.5547,0.0,0.2053,0.0147,714,8,0.7692,0.6965,0.4651,0.0311,0.1,0.5349,0.7452
diabetes,imbalance__minority_share_0.3,imbalance,random_forest,0.2997,0.0,0.1716,0.4462,0.5547,0.0,0.2053,0.0147,714,8,0.7483,0.6595,0.3953,0.2517,0.1,0.6047,0.6808
diabetes,imbalance__minority_share_0.3,imbalance,xgboost,0.2997,0.0,0.1716,0.4462,0.5547,0.0,0.2053,0.0147,714,8,0.7133,0.6469,0.4651,0.2867,0.18,0.5349,0.8113
diabetes,imbalance__minority_share_0.15,imbalance,logistic_regression,0.1497,0.0,0.1714,0.3601,0.5652,0.0,0.1562,0.0159,588,8,0.8644,0.6758,0.3333,0.0016,0.04,0.6667,0.7539
diabetes,imbalance__minority_share_0.15,imbalance,random_forest,0.1497,0.0,0.1714,0.3601,0.5652,0.0,0.1562,0.0159,588,8,0.8475,0.6353,0.2778,0.1525,0.05,0.7222,0.7222
diabetes,imbalance__minority_share_0.15,imbalance,xgboost,0.1497,0.0,0.1714,0.3601,0.5652,0.0,0.1562,0.0159,588,8,0.839,0.6653,0.3889,0.161,0.08,0.6111,0.8731
diabetes,imbalance__minority_share_0.1,imbalance,logistic_regression,0.0991,0.0,0.1731,0.2927,0.5747,0.0,0.1156,0.016,555,8,0.8919,0.4714,0.0,0.0248,0.01,1.0,0.8143
diabetes,imbalance__minority_share_0.1,imbalance,random_forest,0.0991,0.0,0.1731,0.2927,0.5747,0.0,0.1156,0.016,555,8,0.9009,0.4739,0.0,0.0991,0.0,1.0,0.8182
diabetes,imbalance__minority_share_0.1,imbalance,xgboost,0.0991,0.0,0.1731,0.2927,0.5747,0.0,0.1156,0.016,555,8,0.9009,0.6068,0.1818,0.0991,0.02,0.8182,0.8917
diabetes,imbalance__minority_share_0.02,imbalance,logistic_regression,0.0196,0.0,0.1788,0.1516,0.5782,0.0,0.0797,0.0167,510,8,0.9804,0.495,0.0,0.0,0.0,1.0,0.8858
diabetes,imbalance__minority_share_0.02,imbalance,random_forest,0.0196,0.0,0.1788,0.1516,0.5782,0.0,0.0797,0.0167,510,8,0.9804,0.495,0.0,0.0196,0.0,1.0,0.925
diabetes,imbalance__minority_share_0.02,imbalance,xgboost,0.0196,0.0,0.1788,0.1516,0.5782,0.0,0.0797,0.0167,510,8,0.9804,0.495,0.0,0.0196,0.0,1.0,0.9797
diabetes,missing_values__missing_rate_0.05,missing_values,logistic_regression,0.349,0.0516,0.1729,0.4701,0.5338,0.0,0.2024,0.0143,768,8,0.7922,0.7579,0.5926,-0.0267,0.1,0.4074,0.6618
diabetes,missing_values__missing_rate_0.05,missing_values,random_forest,0.349,0.0516,0.1729,0.4701,0.5338,0.0,0.2024,0.0143,768,8,0.8182,0.7881,0.6296,0.1818,0.08,0.3704,0.6729
diabetes,missing_values__missing_rate_0.05,missing_values,xgboost,0.349,0.0516,0.1729,0.4701,0.5338,0.0,0.2024,0.0143,768,8,0.8052,0.7801,0.6667,0.1948,0.12,0.3333,0.833
diabetes,missing_values__missing_rate_0.15,missing_values,logistic_regression,0.349,0.1571,0.1745,0.4608,0.5391,0.0,0.1995,0.0125,768,8,0.7857,0.7517,0.5926,-0.0235,0.11,0.4074,0.6618
diabetes,missing_values__missing_rate_0.15,missing_values,random_forest,0.349,0.1571,0.1745,0.4608,0.5391,0.0,0.1995,0.0125,768,8,0.7922,0.7579,0.5926,0.2078,0.1,0.4074,0.6534
diabetes,missing_values__missing_rate_0.15,missing_values,xgboost,0.349,0.1571,0.1745,0.4608,0.5391,0.0,0.1995,0.0125,768,8,0.7922,0.7605,0.6111,0.2078,0.11,0.3889,0.8509
diabetes,missing_values__missing_rate_0.25,missing_values,logistic_regression,0.349,0.2542,0.1764,0.4645,0.5355,0.0,0.1956,0.0109,768,8,0.7403,0.6938,0.5,-0.0057,0.13,0.5,0.6576
diabetes,missing_values__missing_rate_0.25,missing_values,random_forest,0.349,0.2542,0.1764,0.4645,0.5355,0.0,0.1956,0.0109,768,8,0.7727,0.7336,0.5556,0.2273,0.11,0.4444,0.6806
diabetes,missing_values__missing_rate_0.25,missing_values,xgboost,0.349,0.2542,0.1764,0.4645,0.5355,0.0,0.1956,0.0109,768,8,0.6948,0.6181,0.3519,0.3052,0.12,0.6481,0.8269
diabetes,missing_values__missing_rate_0.4,missing_values,logistic_regression,0.349,0.4007,0.1809,0.4634,0.5708,0.0,0.183,0.0093,768,8,0.7468,0.6919,0.463,-0.0285,0.1,0.537,0.667
diabetes,missing_values__missing_rate_0.4,missing_values,random_forest,0.349,0.4007,0.1809,0.4634,0.5708,0.0,0.183,0.0093,768,8,0.7143,0.65,0.4074,0.2841,0.12,0.5926,0.6539
diabetes,missing_values__missing_rate_0.4,missing_values,xgboost,0.349,0.4007,0.1809,0.4634,0.5708,0.0,0.183,0.0093,768,8,0.7532,0.7055,0.5,0.2451,0.11,0.5,0.7914
diabetes,leakage__leak_strength_0.3,leakage,logistic_regression,0.349,0.0,0.1405,0.4666,0.5443,0.0,0.2042,0.0142,768,9,0.8117,0.7793,0.6111,-0.0283,0.08,0.3889,0.6575
diabetes,leakage__leak_strength_0.3,leakage,random_forest,0.349,0.0,0.1405,0.4666,0.5443,0.0,0.2042,0.0142,768,9,0.7987,0.7641,0.5926,0.2013,0.09,0.4074,0.6661
diabetes,leakage__leak_strength_0.3,leakage,xgboost,0.349,0.0,0.1405,0.4666,0.5443,0.0,0.2042,0.0142,768,9,0.7857,0.7517,0.5926,0.2143,0.11,0.4074,0.8132
diabetes,leakage__leak_strength_0.6,leakage,logistic_regression,0.349,0.0,0.1555,0.5669,0.5443,0.0,0.2479,0.0139,768,9,0.8961,0.8803,0.7593,-0.0394,0.03,0.2407,0.6763
diabetes,leakage__leak_strength_0.6,leakage,random_forest,0.349,0.0,0.1555,0.5669,0.5443,0.0,0.2479,0.0139,768,9,0.8831,0.8622,0.7037,0.1169,0.02,0.2963,0.6656
diabetes,leakage__leak_strength_0.6,leakage,xgboost,0.349,0.0,0.1555,0.5669,0.5443,0.0,0.2479,0.0139,768,9,0.8831,0.8681,0.7778,0.1169,0.06,0.2222,0.872
diabetes,leakage__leak_strength_0.8,leakage,logistic_regression,0.349,0.0,0.1719,0.883,0.5443,0.0,0.283,0.0135,768,9,0.987,0.9857,0.9815,-0.0033,0.01,0.0185,0.7322
diabetes,leakage__leak_strength_0.8,leakage,random_forest,0.349,0.0,0.1719,0.883,0.5443,0.0,0.283,0.0135,768,9,0.987,0.9857,0.9815,0.013,0.01,0.0185,0.745
diabetes,leakage__leak_strength_0.8,leakage,xgboost,0.349,0.0,0.1719,0.883,0.5443,0.0,0.283,0.0135,768,9,0.987,0.9857,0.9815,0.013,0.01,0.0185,0.9432
diabetes,leakage__leak_strength_0.95,leakage,logistic_regression,0.349,0.0,0.1789,0.9939,0.5443,0.0,0.2953,0.0135,768,9,1.0,1.0,1.0,0.0,0.0,0.0,0.0
diabetes,leakage__leak_strength_0.95,leakage,random_forest,0.349,0.0,0.1789,0.9939,0.5443,0.0,0.2953,0.0135,768,9,1.0,1.0,1.0,0.0,0.0,0.0,0.0
diabetes,leakage__leak_strength_0.95,leakage,xgboost,0.349,0.0,0.1789,0.9939,0.5443,0.0,0.2953,0.0135,768,9,1.0,1.0,1.0,0.0,0.0,0.0,0.0
diabetes,feature_noise__noise_level_0.05,feature_noise,logistic_regression,0.349,0.0,0.1703,0.4657,0.5415,0.0,0.2081,0.015,768,8,0.7727,0.7336,0.5556,0.0058,0.11,0.4444,0.6602
diabetes,feature_noise__noise_level_0.05,feature_noise,random_forest,0.349,0.0,0.1703,0.4657,0.5415,0.0,0.2081,0.015,768,8,0.7857,0.7517,0.5926,0.2143,0.11,0.4074,0.6667
diabetes,feature_noise__noise_level_0.05,feature_noise,xgboost,0.349,0.0,0.1703,0.4657,0.5415,0.0,0.2081,0.015,768,8,0.7857,0.7544,0.6111,0.2143,0.12,0.3889,0.8245
diabetes,feature_noise__noise_level_0.15,feature_noise,logistic_regression,0.349,0.0,0.1651,0.4606,0.526,0.0,0.207,0.0151,768,8,0.7922,0.755,0.5741,-0.0153,0.09,0.4259,0.6783
diabetes,feature_noise__noise_level_0.15,feature_noise,random_forest,0.349,0.0,0.1651,0.4606,0.526,0.0,0.207,0.0151,768,8,0.7792,0.7483,0.6111,0.2208,0.13,0.3889,0.6624
diabetes,feature_noise__noise_level_0.15,feature_noise,xgboost,0.349,0.0,0.1651,0.4606,0.526,0.0,0.207,0.0151,768,8,0.7922,0.7698,0.6852,0.2078,0.15,0.3148,0.7954
diabetes,feature_noise__noise_level_0.3,feature_noise,logistic_regression,0.349,0.0,0.1518,0.4456,0.4817,0.0,0.2017,0.0143,768,8,0.7857,0.7489,0.5741,-0.0056,0.1,0.4259,0.6778
diabetes,feature_noise__noise_level_0.3,feature_noise,random_forest,0.349,0.0,0.1518,0.4456,0.4817,0.0,0.2017,0.0143,768,8,0.7857,0.7517,0.5926,0.2143,0.11,0.4074,0.6603
diabetes,feature_noise__noise_level_0.3,feature_noise,xgboost,0.349,0.0,0.1518,0.4456,0.4817,0.0,0.2017,0.0143,768,8,0.8247,0.8049,0.7222,0.1753,0.12,0.2778,0.8631
diabetes,feature_noise__noise_level_0.5,feature_noise,logistic_regression,0.349,0.0,0.128,0.4151,0.3978,0.0,0.1899,0.0112,768,8,0.7597,0.7114,0.5,0.009,0.1,0.5,0.667
diabetes,feature_noise__noise_level_0.5,feature_noise,random_forest,0.349,0.0,0.128,0.4151,0.3978,0.0,0.1899,0.0112,768,8,0.7727,0.7304,0.537,0.2273,0.1,0.463,0.6617
diabetes,feature_noise__noise_level_0.5,feature_noise,xgboost,0.349,0.0,0.128,0.4151,0.3978,0.0,0.1899,0.0112,768,8,0.7532,0.7187,0.5741,0.2468,0.15,0.4259,0.8233
diabetes,label_noise__flip_rate_0.02,label_noise,logistic_regression,0.3607,0.0,0.1717,0.4502,0.5443,0.0,0.2052,0.0151,768,8,0.7727,0.7471,0.625,-0.0056,0.1429,0.375,0.7057
diabetes,label_noise__flip_rate_0.02,label_noise,random_forest,0.3607,0.0,0.1717,0.4502,0.5443,0.0,0.2052,0.0151,768,8,0.7857,0.7637,0.6607,0.2143,0.1429,0.3393,0.6942
diabetes,label_noise__flip_rate_0.02,label_noise,xgboost,0.3607,0.0,0.1717,0.4502,0.5443,0.0,0.2052,0.0151,768,8,0.7532,0.7334,0.6607,0.2468,0.1939,0.3393,0.8339
diabetes,label_noise__flip_rate_0.05,label_noise,logistic_regression,0.3594,0.0,0.1717,0.4185,0.5443,0.0,0.1915,0.0151,768,8,0.7468,0.6959,0.4727,0.0171,0.101,0.5273,0.6863
diabetes,label_noise__flip_rate_0.05,label_noise,random_forest,0.3594,0.0,0.1717,0.4185,0.5443,0.0,0.1915,0.0151,768,8,0.7338,0.6803,0.4545,0.2662,0.1111,0.5455,0.6576
diabetes,label_noise__flip_rate_0.05,label_noise,xgboost,0.3594,0.0,0.1717,0.4185,0.5443,0.0,0.1915,0.0151,768,8,0.7078,0.6614,0.4727,0.2922,0.1616,0.5273,0.8211
diabetes,label_noise__flip_rate_0.1,label_noise,logistic_regression,0.3737,0.0,0.1717,0.3589,0.5443,0.0,0.1561,0.0151,768,8,0.7078,0.6685,0.4828,0.017,0.1562,0.5172,0.6739
diabetes,label_noise__flip_rate_0.1,label_noise,random_forest,0.3737,0.0,0.1717,0.3589,0.5443,0.0,0.1561,0.0151,768,8,0.6883,0.6516,0.4828,0.3117,0.1875,0.5172,0.6669
diabetes,label_noise__flip_rate_0.1,label_noise,xgboost,0.3737,0.0,0.1717,0.3589,0.5443,0.0,0.1561,0.0151,768,8,0.6299,0.6097,0.5345,0.3701,0.3125,0.4655,0.8312
diabetes,label_noise__flip_rate_0.2,label_noise,logistic_regression,0.4323,0.0,0.1717,0.2992,0.5443,0.0,0.1295,0.0151,768,8,0.7143,0.6775,0.4328,-0.0547,0.069,0.5672,0.6602
diabetes,label_noise__flip_rate_0.2,label_noise,random_forest,0.4323,0.0,0.1717,0.2992,0.5443,0.0,0.1295,0.0151,768,8,0.6688,0.6408,0.4478,0.3312,0.1609,0.5522,0.6373
diabetes,label_noise__flip_rate_0.2,label_noise,xgboost,0.4323,0.0,0.1717,0.2992,0.5443,0.0,0.1295,0.0151,768,8,0.6818,0.6645,0.5224,0.3182,0.1954,0.4776,0.7581
diabetes,outliers__outlier_fraction_0.01,outliers,logistic_regression,0.349,0.0,0.1094,0.3682,0.3444,0.0,0.1646,0.0155,768,8,0.7468,0.6996,0.5,0.0089,0.12,0.5,0.65
diabetes,outliers__outlier_fraction_0.01,outliers,random_forest,0.349,0.0,0.1094,0.3682,0.3444,0.0,0.1646,0.0155,768,8,0.8052,0.773,0.6111,0.1948,0.09,0.3889,0.6787
diabetes,outliers__outlier_fraction_0.01,outliers,xgboost,0.349,0.0,0.1094,0.3682,0.3444,0.0,0.1646,0.0155,768,8,0.7792,0.7483,0.6111,0.2208,0.13,0.3889,0.8084
diabetes,outliers__outlier_fraction_0.03,outliers,logistic_regression,0.349,0.0,0.0645,0.2135,0.1862,0.0,0.1169,0.0322,768,8,0.6688,0.5729,0.2778,0.0152,0.12,0.7222,0.6328
diabetes,outliers__outlier_fraction_0.03,outliers,random_forest,0.349,0.0,0.0645,0.2135,0.1862,0.0,0.1169,0.0322,768,8,0.7987,0.7667,0.6111,0.2013,0.1,0.3889,0.6726
diabetes,outliers__outlier_fraction_0.03,outliers,xgboost,0.349,0.0,0.0645,0.2135,0.1862,0.0,0.1169,0.0322,768,8,0.7597,0.7301,0.6111,0.2403,0.16,0.3889,0.8431
diabetes,outliers__outlier_fraction_0.05,outliers,logistic_regression,0.349,0.0,0.0481,0.1821,0.1687,0.0,0.0989,0.0518,768,8,0.6558,0.5488,0.2407,0.0184,0.12,0.7593,0.634
diabetes,outliers__outlier_fraction_0.05,outliers,random_forest,0.349,0.0,0.0481,0.1821,0.1687,0.0,0.0989,0.0518,768,8,0.8247,0.7968,0.6481,0.1753,0.08,0.3519,0.6941
diabetes,outliers__outlier_fraction_0.05,outliers,xgboost,0.349,0.0,0.0481,0.1821,0.1687,0.0,0.0989,0.0518,768,8,0.7857,0.7593,0.6481,0.2143,0.14,0.3519,0.83
diabetes,outliers__outlier_fraction_0.1,outliers,logistic_regression,0.349,0.0,0.0357,0.1316,0.1118,0.0,0.0694,0.0282,768,8,0.6104,0.4664,0.1296,0.0622,0.13,0.8704,0.6375
diabetes,outliers__outlier_fraction_0.1,outliers,random_forest,0.349,0.0,0.0357,0.1316,0.1118,0.0,0.0694,0.0282,768,8,0.7792,0.7397,0.5556,0.2208,0.1,0.4444,0.6635
diabetes,outliers__outlier_fraction_0.1,outliers,xgboost,0.349,0.0,0.0357,0.1316,0.1118,0.0,0.0694,0.0282,768,8,0.7857,0.7544,0.6111,0.2143,0.12,0.3889,0.7965
diabetes,redundancy__n_redundant_1,redundancy,logistic_regression,0.349,0.0,0.1822,0.4666,0.9998,0.0278,0.2042,0.0149,768,9,0.7792,0.7427,0.5741,0.0009,0.11,0.4259,0.6644
diabetes,redundancy__n_redundant_1,redundancy,random_forest,0.349,0.0,0.1822,0.4666,0.9998,0.0278,0.2042,0.0149,768,9,0.8052,0.773,0.6111,0.1948,0.09,0.3889,0.69
diabetes,redundancy__n_redundant_1,redundancy,xgboost,0.349,0.0,0.1822,0.4666,0.9998,0.0278,0.2042,0.0149,768,9,0.7987,0.7717,0.6481,0.2013,0.12,0.3519,0.8312
diabetes,redundancy__n_redundant_2,redundancy,logistic_regression,0.349,0.0,0.1999,0.4666,0.9998,0.0444,0.213,0.0152,768,10,0.7792,0.7427,0.5741,0.0009,0.11,0.4259,0.6641
diabetes,redundancy__n_redundant_2,redundancy,random_forest,0.349,0.0,0.1999,0.4666,0.9998,0.0444,0.213,0.0152,768,10,0.8052,0.7779,0.6481,0.1948,0.11,0.3519,0.6893
diabetes,redundancy__n_redundant_2,redundancy,xgboost,0.349,0.0,0.1999,0.4666,0.9998,0.0444,0.213,0.0152,768,10,0.7857,0.7569,0.6296,0.2143,0.13,0.3704,0.8023
diabetes,redundancy__n_redundant_3,redundancy,logistic_regression,0.349,0.0,0.213,0.4666,0.9998,0.0545,0.2055,0.0161,768,11,0.7922,0.7579,0.5926,-0.0218,0.1,0.4074,0.6982
diabetes,redundancy__n_redundant_3,redundancy,random_forest,0.349,0.0,0.213,0.4666,0.9998,0.0545,0.2055,0.0161,768,11,0.8117,0.7842,0.6481,0.1883,0.1,0.3519,0.6886
diabetes,redundancy__n_redundant_3,redundancy,xgboost,0.349,0.0,0.213,0.4666,0.9998,0.0545,0.2055,0.0161,768,11,0.8117,0.7842,0.6481,0.1883,0.1,0.3519,0.8568
diabetes,redundancy__n_redundant_5,redundancy,logistic_regression,0.349,0.0,0.2288,0.4666,0.9998,0.0769,0.1839,0.0206,768,13,0.7792,0.7427,0.5741,-0.0089,0.11,0.4259,0.6622
diabetes,redundancy__n_redundant_5,redundancy,random_forest,0.349,0.0,0.2288,0.4666,0.9998,0.0769,0.1839,0.0206,768,13,0.7922,0.7579,0.5926,0.2078,0.1,0.4074,0.6609
diabetes,redundancy__n_redundant_5,redundancy,xgboost,0.349,0.0,0.2288,0.4666,0.9998,0.0769,0.1839,0.0206,768,13,0.7857,0.7637,0.6852,0.2143,0.16,0.3148,0.8119
magic,clean,clean,logistic_regression,0.3516,0.0,0.2788,0.461,0.9764,0.0222,0.1617,0.0127,19020,10,0.7918,0.7595,0.6046,-0.0014,0.1067,0.3954,0.7056
magic,clean,clean,random_forest,0.3516,0.0,0.2788,0.461,0.9764,0.0222,0.1617,0.0127,19020,10,0.8948,0.8814,0.793,0.1052,0.0499,0.207,0.704
magic,clean,clean,xgboost,0.3516,0.0,0.2788,0.461,0.9764,0.0222,0.1617,0.0127,19020,10,0.8927,0.8796,0.799,0.071,0.0564,0.201,0.7691
magic,imbalance__minority_share_0.3,imbalance,logistic_regression,0.3,0.0,0.2814,0.4504,0.9767,0.0222,0.1603,0.0126,17617,10,0.7965,0.7357,0.5279,0.0097,0.0884,0.4721,0.7199
magic,imbalance__minority_share_0.3,imbalance,random_forest,0.3,0.0,0.2814,0.4504,0.9767,0.0222,0.1603,0.0126,17617,10,0.8993,0.8747,0.7616,0.1007,0.0418,0.2384,0.717
magic,imbalance__minority_share_0.3,imbalance,xgboost,0.3,0.0,0.2814,0.4504,0.9767,0.0222,0.1603,0.0126,17617,10,0.8973,0.8726,0.7625,0.0725,0.045,0.2375,0.7695
magic,imbalance__minority_share_0.15,imbalance,logistic_regression,0.15,0.0,0.294,0.3777,0.9778,0.0222,0.1383,0.0103,14508,10,0.8797,0.7067,0.3724,0.0049,0.0308,0.6276,0.7535
magic,imbalance__minority_share_0.15,imbalance,random_forest,0.15,0.0,0.294,0.3777,0.9778,0.0222,0.1383,0.0103,14508,10,0.9276,0.8392,0.6207,0.0724,0.0182,0.3793,0.7584
magic,imbalance__minority_share_0.15,imbalance,xgboost,0.15,0.0,0.294,0.3777,0.9778,0.0222,0.1383,0.0103,14508,10,0.929,0.843,0.6299,0.0614,0.0182,0.3701,0.8428
magic,imbalance__minority_share_0.1,imbalance,logistic_regression,0.1,0.0,0.3091,0.3306,0.9783,0.0222,0.1218,0.0089,13702,10,0.9212,0.6885,0.2847,0.0008,0.0081,0.7153,0.8124
magic,imbalance__minority_share_0.1,imbalance,random_forest,0.1,0.0,0.3091,0.3306,0.9783,0.0222,0.1218,0.0089,13702,10,0.942,0.804,0.5146,0.0579,0.0105,0.4854,0.7662
magic,imbalance__minority_share_0.1,imbalance,xgboost,0.1,0.0,0.3091,0.3306,0.9783,0.0222,0.1218,0.0089,13702,10,0.9424,0.8154,0.5657,0.0539,0.0158,0.4343,0.8419
magic,imbalance__minority_share_0.02,imbalance,logistic_regression,0.0199,0.0,0.3473,0.1698,0.9791,0.0222,0.0617,0.0075,12583,10,0.9809,0.6315,0.18,0.0002,0.0028,0.82,0.8617
magic,imbalance__minority_share_0.02,imbalance,random_forest,0.0199,0.0,0.3473,0.1698,0.9791,0.0222,0.0617,0.0075,12583,10,0.9849,0.7168,0.3,0.0151,0.0012,0.7,0.7768
magic,imbalance__minority_share_0.02,imbalance,xgboost,0.0199,0.0,0.3473,0.1698,0.9791,0.0222,0.0617,0.0075,12583,10,0.9861,0.7567,0.38,0.0139,0.0016,0.62,0.9427
magic,missing_values__missing_rate_0.05,missing_values,logistic_regression,0.3516,0.0497,0.2794,0.4592,0.9763,0.0222,0.1617,0.0121,19020,10,0.7842,0.7492,0.5837,-0.0023,0.1071,0.4163,0.7036
magic,missing_values__missing_rate_0.05,missing_values,random_forest,0.3516,0.0497,0.2794,0.4592,0.9763,0.0222,0.1617,0.0121,19020,10,0.8778,0.8616,0.7623,0.1222,0.0596,0.2377,0.6905
magic,missing_values__missing_rate_0.05,missing_values,xgboost,0.3516,0.0497,0.2794,0.4592,0.9763,0.0222,0.1617,0.0121,19020,10,0.8814,0.8666,0.7788,0.0753,0.0629,0.2212,0.7648
magic,missing_values__missing_rate_0.15,missing_values,logistic_regression,0.3516,0.1513,0.2811,0.4574,0.9761,0.0222,0.1601,0.0108,19020,10,0.7689,0.727,0.5359,-0.0005,0.1046,0.4641,0.6995
magic,missing_values__missing_rate_0.15,missing_values,random_forest,0.3516,0.1513,0.2811,0.4574,0.9761,0.0222,0.1601,0.0108,19020,10,0.8591,0.8391,0.7205,0.1409,0.0657,0.2795,0.69
magic,missing_values__missing_rate_0.15,missing_values,xgboost,0.3516,0.1513,0.2811,0.4574,0.9761,0.0222,0.1601,0.0108,19020,10,0.8625,0.8449,0.7474,0.0808,0.075,0.2526,0.7428
magic,missing_values__missing_rate_0.25,missing_values,logistic_regression,0.3516,0.2497,0.2816,0.4563,0.9759,0.0222,0.161,0.0096,19020,10,0.76,0.7121,0.5007,-0.0044,0.0994,0.4993,0.6987
magic,missing_values__missing_rate_0.25,missing_values,random_forest,0.3516,0.2497,0.2816,0.4563,0.9759,0.0222,0.161,0.0096,19020,10,0.8362,0.8104,0.6637,0.1638,0.0702,0.3363,0.6868
magic,missing_values__missing_rate_0.25,missing_values,xgboost,0.3516,0.2497,0.2816,0.4563,0.9759,0.0222,0.161,0.0096,19020,10,0.8438,0.8225,0.707,0.0869,0.0819,0.293,0.7348
magic,missing_values__missing_rate_0.4,missing_values,logistic_regression,0.3516,0.4004,0.2817,0.4559,0.9757,0.0222,0.1604,0.0076,19020,10,0.7413,0.681,0.4357,0.0011,0.0929,0.5643,0.6893
magic,missing_values__missing_rate_0.4,missing_values,random_forest,0.3516,0.4004,0.2817,0.4559,0.9757,0.0222,0.1604,0.0076,19020,10,0.8057,0.774,0.6129,0.1942,0.0896,0.3871,0.6857
magic,missing_values__missing_rate_0.4,missing_values,xgboost,0.3516,0.4004,0.2817,0.4559,0.9757,0.0222,0.1604,0.0076,19020,10,0.8128,0.7851,0.645,0.0849,0.0961,0.355,0.723
magic,leakage__leak_strength_0.3,leakage,logistic_regression,0.3516,0.0,0.2337,0.461,0.9764,0.0182,0.1656,0.0118,19020,11,0.8036,0.7742,0.6293,-0.0082,0.1018,0.3707,0.7096
magic,leakage__leak_strength_0.3,leakage,random_forest,0.3516,0.0,0.2337,0.461,0.9764,0.0182,0.1656,0.0118,19020,11,0.8964,0.8827,0.7885,0.1036,0.045,0.2115,0.697
magic,leakage__leak_strength_0.3,leakage,xgboost,0.3516,0.0,0.2337,0.461,0.9764,0.0182,0.1656,0.0118,19020,11,0.8933,0.8797,0.7922,0.0724,0.0519,0.2078,0.7618
magic,leakage__leak_strength_0.6,leakage,logistic_regression,0.3516,0.0,0.2449,0.5854,0.9764,0.0182,0.2003,0.0117,19020,11,0.8659,0.85,0.7676,-0.0022,0.0807,0.2324,0.7164
magic,leakage__leak_strength_0.6,leakage,random_forest,0.3516,0.0,0.2449,0.5854,0.9764,0.0182,0.2003,0.0117,19020,11,0.9169,0.9075,0.849,0.0831,0.0462,0.151,0.6968
magic,leakage__leak_strength_0.6,leakage,xgboost,0.3516,0.0,0.2449,0.5854,0.9764,0.0182,0.2003,0.0117,19020,11,0.918,0.9089,0.8558,0.0682,0.0483,0.1442,0.7732
magic,leakage__leak_strength_0.8,leakage,logistic_regression,0.3516,0.0,0.2539,0.887,0.9764,0.0182,0.2277,0.0116,19020,11,0.9821,0.9804,0.9701,0.0029,0.0114,0.0299,0.7196
magic,leakage__leak_strength_0.8,leakage,random_forest,0.3516,0.0,0.2539,0.887,0.9764,0.0182,0.2277,0.0116,19020,11,0.9876,0.9864,0.9768,0.0124,0.0065,0.0232,0.7353
magic,leakage__leak_strength_0.8,leakage,xgboost,0.3516,0.0,0.2539,0.887,0.9764,0.0182,0.2277,0.0116,19020,11,0.9869,0.9856,0.9798,0.0131,0.0093,0.0202,0.7989
magic,leakage__leak_strength_0.95,leakage,logistic_regression,0.3516,0.0,0.2573,0.994,0.9764,0.0182,0.2374,0.0116,19020,11,1.0,1.0,1.0,0.0,0.0,0.0,0.0
magic,leakage__leak_strength_0.95,leakage,random_forest,0.3516,0.0,0.2573,0.994,0.9764,0.0182,0.2374,0.0116,19020,11,1.0,1.0,1.0,0.0,0.0,0.0,0.0
magic,leakage__leak_strength_0.95,leakage,xgboost,0.3516,0.0,0.2573,0.994,0.9764,0.0182,0.2374,0.0116,19020,11,0.9995,0.9994,1.0,0.0005,0.0008,0.0,0.9022
magic,feature_noise__noise_level_0.05,feature_noise,logistic_regression,0.3516,0.0,0.2781,0.4604,0.9742,0.0222,0.1617,0.0127,19020,10,0.7913,0.7582,0.5994,-0.0009,0.1046,0.4006,0.7051
magic,feature_noise__noise_level_0.05,feature_noise,random_forest,0.3516,0.0,0.2781,0.4604,0.9742,0.0222,0.1617,0.0127,19020,10,0.8883,0.8731,0.7706,0.1117,0.0479,0.2294,0.6997
magic,feature_noise__noise_level_0.05,feature_noise,xgboost,0.3516,0.0,0.2781,0.4604,0.9742,0.0222,0.1617,0.0127,19020,10,0.8849,0.8706,0.7862,0.0755,0.0616,0.2138,0.7601
magic,feature_noise__noise_level_0.15,feature_noise,logistic_regression,0.3516,0.0,0.2727,0.4558,0.9556,0.0222,0.1605,0.0125,19020,10,0.7918,0.7582,0.5957,-0.005,0.1018,0.4043,0.7072
magic,feature_noise__noise_level_0.15,feature_noise,random_forest,0.3516,0.0,0.2727,0.4558,0.9556,0.0222,0.1605,0.0125,19020,10,0.8657,0.8472,0.7362,0.1343,0.0641,0.2638,0.69
magic,feature_noise__noise_level_0.15,feature_noise,xgboost,0.3516,0.0,0.2727,0.4558,0.9556,0.0222,0.1605,0.0125,19020,10,0.8636,0.8461,0.7481,0.0902,0.0738,0.2519,0.7639
magic,feature_noise__noise_level_0.3,feature_noise,logistic_regression,0.3516,0.0,0.256,0.4412,0.8975,0.0,0.1559,0.0117,19020,10,0.7889,0.7538,0.5845,-0.0055,0.1002,0.4155,0.7073
magic,feature_noise__noise_level_0.3,feature_noise,random_forest,0.3516,0.0,0.256,0.4412,0.8975,0.0,0.1559,0.0117,19020,10,0.8318,0.8057,0.6622,0.1682,0.0762,0.3378,0.6855
magic,feature_noise__noise_level_0.3,feature_noise,xgboost,0.3516,0.0,0.256,0.4412,0.8975,0.0,0.1559,0.0117,19020,10,0.8286,0.8042,0.6764,0.1096,0.0888,0.3236,0.7435
magic,feature_noise__noise_level_0.5,feature_noise,logistic_regression,0.3516,0.0,0.2235,0.4113,0.7847,0.0,0.1461,0.0104,19020,10,0.7689,0.7275,0.5389,0.0004,0.1062,0.4611,0.693
magic,feature_noise__noise_level_0.5,feature_noise,random_forest,0.3516,0.0,0.2235,0.4113,0.7847,0.0,0.1461,0.0104,19020,10,0.8005,0.7665,0.5957,0.1995,0.0884,0.4043,0.6855
magic,feature_noise__noise_level_0.5,feature_noise,xgboost,0.3516,0.0,0.2235,0.4113,0.7847,0.0,0.1461,0.0104,19020,10,0.7913,0.7593,0.6069,0.1331,0.1087,0.3931,0.7462
magic,label_noise__flip_rate_0.02,label_noise,logistic_regression,0.3559,0.0,0.2788,0.4425,0.9764,0.0222,0.1563,0.0127,19020,10,0.7773,0.7384,0.5502,0.0028,0.0971,0.4498,0.7107
magic,label_noise__flip_rate_0.02,label_noise,random_forest,0.3559,0.0,0.2788,0.4425,0.9764,0.0222,0.1563,0.0127,19020,10,0.8541,0.8344,0.7149,0.1457,0.069,0.2851,0.7156
magic,label_noise__flip_rate_0.02,label_noise,xgboost,0.3559,0.0,0.2788,0.4425,0.9764,0.0222,0.1563,0.0127,19020,10,0.8575,0.8387,0.7253,0.0965,0.0694,0.2747,0.7783
magic,label_noise__flip_rate_0.05,label_noise,logistic_regression,0.3644,0.0,0.2788,0.4092,0.9764,0.0222,0.141,0.0127,19020,10,0.7532,0.7135,0.5231,0.0061,0.115,0.4769,0.698
magic,label_noise__flip_rate_0.05,label_noise,random_forest,0.3644,0.0,0.2788,0.4092,0.9764,0.0222,0.141,0.0127,19020,10,0.8378,0.8184,0.7013,0.1619,0.084,0.2987,0.7253
magic,label_noise__flip_rate_0.05,label_noise,xgboost,0.3644,0.0,0.2788,0.4092,0.9764,0.0222,0.141,0.0127,19020,10,0.8378,0.8183,0.7006,0.0941,0.0835,0.2994,0.7811
magic,label_noise__flip_rate_0.1,label_noise,logistic_regression,0.3796,0.0,0.2788,0.3617,0.9764,0.0222,0.1246,0.0127,19020,10,0.7284,0.6861,0.4758,0.0011,0.1169,0.5242,0.6862
magic,label_noise__flip_rate_0.1,label_noise,random_forest,0.3796,0.0,0.2788,0.3617,0.9764,0.0222,0.1246,0.0127,19020,10,0.791,0.7667,0.617,0.2084,0.1025,0.383,0.7154
magic,label_noise__flip_rate_0.1,label_noise,xgboost,0.3796,0.0,0.2788,0.3617,0.9764,0.0222,0.1246,0.0127,19020,10,0.7839,0.7599,0.6157,0.1229,0.1131,0.3843,0.7574
magic,label_noise__flip_rate_0.2,label_noise,logistic_regression,0.4069,0.0,0.2788,0.2724,0.9764,0.0222,0.093,0.0127,19020,10,0.6661,0.6203,0.3915,0.0055,0.1454,0.6085,0.6451
magic,label_noise__flip_rate_0.2,label_noise,random_forest,0.4069,0.0,0.2788,0.2724,0.9764,0.0222,0.093,0.0127,19020,10,0.7242,0.6982,0.5291,0.2741,0.1418,0.4709,0.6868
magic,label_noise__flip_rate_0.2,label_noise,xgboost,0.4069,0.0,0.2788,0.2724,0.9764,0.0222,0.093,0.0127,19020,10,0.7064,0.6816,0.5252,0.1624,0.1693,0.4748,0.7149
magic,outliers__outlier_fraction_0.01,outliers,logistic_regression,0.3516,0.0,0.166,0.3666,0.5622,0.0,0.1268,0.0158,19020,10,0.7744,0.7332,0.5419,-0.0047,0.0994,0.4581,0.685
magic,outliers__outlier_fraction_0.01,outliers,random_forest,0.3516,0.0,0.166,0.3666,0.5622,0.0,0.1268,0.0158,19020,10,0.8851,0.8704,0.7795,0.1149,0.0576,0.2205,0.6891
magic,outliers__outlier_fraction_0.01,outliers,xgboost,0.3516,0.0,0.166,0.3666,0.5622,0.0,0.1268,0.0158,19020,10,0.8938,0.8809,0.8034,0.0655,0.0572,0.1966,0.7565
magic,outliers__outlier_fraction_0.03,outliers,logistic_regression,0.3516,0.0,0.0914,0.264,0.3123,0.0,0.0938,0.0315,19020,10,0.719,0.6371,0.3468,0.0075,0.0791,0.6532,0.6577
magic,outliers__outlier_fraction_0.03,outliers,random_forest,0.3516,0.0,0.0914,0.264,0.3123,0.0,0.0938,0.0315,19020,10,0.8767,0.8607,0.7638,0.1233,0.062,0.2362,0.6898
magic,outliers__outlier_fraction_0.03,outliers,xgboost,0.3516,0.0,0.0914,0.264,0.3123,0.0,0.0938,0.0315,19020,10,0.8793,0.8644,0.7788,0.0798,0.0661,0.2212,0.7597
magic,outliers__outlier_fraction_0.05,outliers,logistic_regression,0.3516,0.0,0.0616,0.2238,0.2145,0.0,0.0781,0.0502,19020,10,0.6882,0.573,0.2399,0.0083,0.0685,0.7601,0.6523
magic,outliers__outlier_fraction_0.05,outliers,random_forest,0.3516,0.0,0.0616,0.2238,0.2145,0.0,0.0781,0.0502,19020,10,0.8691,0.8519,0.7511,0.1309,0.0669,0.2489,0.6852
magic,outliers__outlier_fraction_0.05,outliers,xgboost,0.3516,0.0,0.0616,0.2238,0.2145,0.0,0.0781,0.0502,19020,10,0.873,0.8577,0.775,0.0899,0.0738,0.225,0.7561
magic,outliers__outlier_fraction_0.1,outliers,logistic_regression,0.3516,0.0,0.0307,0.1651,0.1074,0.0,0.0552,0.0001,19020,10,0.6648,0.5161,0.157,-0.0024,0.0596,0.843,0.6412
magic,outliers__outlier_fraction_0.1,outliers,random_forest,0.3516,0.0,0.0307,0.1651,0.1074,0.0,0.0552,0.0001,19020,10,0.8517,0.8302,0.7048,0.1483,0.0685,0.2952,0.6741
magic,outliers__outlier_fraction_0.1,outliers,xgboost,0.3516,0.0,0.0307,0.1651,0.1074,0.0,0.0552,0.0001,19020,10,0.8609,0.8432,0.7459,0.1057,0.0766,0.2541,0.7604
magic,redundancy__n_redundant_1,redundancy,logistic_regression,0.3516,0.0,0.268,0.461,0.9998,0.0364,0.1889,0.0116,19020,11,0.7923,0.7602,0.6061,-0.0021,0.1067,0.3939,0.7059
magic,redundancy__n_redundant_1,redundancy,random_forest,0.3516,0.0,0.268,0.461,0.9998,0.0364,0.1889,0.0116,19020,11,0.8951,0.8817,0.7937,0.1049,0.0499,0.2063,0.7098
magic,redundancy__n_redundant_1,redundancy,xgboost,0.3516,0.0,0.268,0.461,0.9998,0.0364,0.1889,0.0116,19020,11,0.8917,0.8785,0.799,0.0715,0.058,0.201,0.7617
magic,redundancy__n_redundant_2,redundancy,logistic_regression,0.3516,0.0,0.2587,0.461,0.9998,0.0455,0.1893,0.0123,19020,12,0.7923,0.7602,0.6061,-0.002,0.1067,0.3939,0.7059
magic,redundancy__n_redundant_2,redundancy,random_forest,0.3516,0.0,0.2587,0.461,0.9998,0.0455,0.1893,0.0123,19020,12,0.8943,0.8807,0.7907,0.1057,0.0495,0.2093,0.7053
magic,redundancy__n_redundant_2,redundancy,xgboost,0.3516,0.0,0.2587,0.461,0.9998,0.0455,0.1893,0.0123,19020,12,0.8893,0.8758,0.7952,0.0732,0.0596,0.2048,0.758
magic,redundancy__n_redundant_3,redundancy,logistic_regression,0.3516,0.0,0.2557,0.461,0.9998,0.0513,0.1881,0.0131,19020,13,0.7915,0.759,0.6031,-0.0016,0.1062,0.3969,0.7053
magic,redundancy__n_redundant_3,redundancy,random_forest,0.3516,0.0,0.2557,0.461,0.9998,0.0513,0.1881,0.0131,19020,13,0.8914,0.8772,0.7833,0.1086,0.0499,0.2167,0.701
magic,redundancy__n_redundant_3,redundancy,xgboost,0.3516,0.0,0.2557,0.461,0.9998,0.0513,0.1881,0.0131,19020,13,0.8925,0.8793,0.7982,0.0677,0.0564,0.2018,0.7578
magic,redundancy__n_redundant_5,redundancy,logistic_regression,0.3516,0.0,0.3005,0.461,0.9998,0.0667,0.1725,0.0119,19020,15,0.791,0.7585,0.6031,-0.0012,0.1071,0.3969,0.705
magic,redundancy__n_redundant_5,redundancy,random_forest,0.3516,0.0,0.3005,0.461,0.9998,0.0667,0.1725,0.0119,19020,15,0.8927,0.8788,0.787,0.1073,0.0499,0.213,0.7051
magic,redundancy__n_redundant_5,redundancy,xgboost,0.3516,0.0,0.3005,0.461,0.9998,0.0667,0.1725,0.0119,19020,15,0.893,0.8797,0.7967,0.07,0.0547,0.2033,0.7699
shuttle,clean,clean,logistic_regression,0.214,0.0,0.1886,0.6761,0.9147,0.0,0.3258,0.0102,58000,9,0.972,0.9578,0.9166,0.0005,0.0129,0.0834,0.7304
shuttle,clean,clean,random_forest,0.214,0.0,0.1886,0.6761,0.9147,0.0,0.3258,0.0102,58000,9,1.0,1.0,1.0,0.0,0.0,0.0,0.0
shuttle,clean,clean,xgboost,0.214,0.0,0.1886,0.6761,0.9147,0.0,0.3258,0.0102,58000,9,1.0,1.0,1.0,0.0,0.0,0.0,0.0
shuttle,imbalance__minority_share_0.3,imbalance,logistic_regression,0.3,0.0,0.1993,0.6735,0.9272,0.0,0.3332,0.0105,41380,9,0.9826,0.9794,0.9766,-0.0014,0.0148,0.0234,0.7986
shuttle,imbalance__minority_share_0.3,imbalance,random_forest,0.3,0.0,0.1993,0.6735,0.9272,0.0,0.3332,0.0105,41380,9,1.0,1.0,1.0,0.0,0.0,0.0,0.0
shuttle,imbalance__minority_share_0.3,imbalance,xgboost,0.3,0.0,0.1993,0.6735,0.9272,0.0,0.3332,0.0105,41380,9,1.0,1.0,1.0,0.0,0.0,0.0,0.0
shuttle,imbalance__minority_share_0.15,imbalance,logistic_regression,0.15,0.0,0.1806,0.6705,0.9016,0.0,0.3116,0.0124,53630,9,0.966,0.9311,0.849,0.0011,0.0134,0.151,0.7223
shuttle,imbalance__minority_share_0.15,imbalance,random_forest,0.15,0.0,0.1806,0.6705,0.9016,0.0,0.3116,0.0124,53630,9,1.0,1.0,1.0,0.0,0.0,0.0,0.0
shuttle,imbalance__minority_share_0.15,imbalance,xgboost,0.15,0.0,0.1806,0.6705,0.9016,0.0,0.3116,0.0124,53630,9,1.0,1.0,1.0,-0.0,0.0,0.0,0.0
shuttle,imbalance__minority_share_0.1,imbalance,logistic_regression,0.1,0.0,0.1782,0.6515,0.8882,0.0,0.2894,0.0133,50651,9,0.9663,0.8992,0.7512,0.0009,0.0098,0.2488,0.7103
shuttle,imbalance__minority_share_0.1,imbalance,random_forest,0.1,0.0,0.1782,0.6515,0.8882,0.0,0.2894,0.0133,50651,9,1.0,1.0,1.0,0.0,0.0,0.0,0.0
shuttle,imbalance__minority_share_0.1,imbalance,xgboost,0.1,0.0,0.1782,0.6515,0.8882,0.0,0.2894,0.0133,50651,9,0.9999,0.9997,0.999,0.0001,0.0,0.001,0.5076
shuttle,imbalance__minority_share_0.02,imbalance,logistic_regression,0.02,0.0,0.1998,0.4886,0.8645,0.0,0.1842,0.0065,46516,9,0.992,0.8778,0.629,0.0007,0.0005,0.371,0.8774
shuttle,imbalance__minority_share_0.02,imbalance,random_forest,0.02,0.0,0.1998,0.4886,0.8645,0.0,0.1842,0.0065,46516,9,1.0,1.0,1.0,0.0,0.0,0.0,0.0
shuttle,imbalance__minority_share_0.02,imbalance,xgboost,0.02,0.0,0.1998,0.4886,0.8645,0.0,0.1842,0.0065,46516,9,1.0,1.0,1.0,-0.0001,0.0,0.0,0.0
shuttle,missing_values__missing_rate_0.05,missing_values,logistic_regression,0.214,0.0497,0.1892,0.676,0.9153,0.0,0.3259,0.0097,58000,9,0.9547,0.931,0.8598,0.0019,0.0194,0.1402,0.7024
shuttle,missing_values__missing_rate_0.05,missing_values,random_forest,0.214,0.0497,0.1892,0.676,0.9153,0.0,0.3259,0.0097,58000,9,0.9995,0.9992,0.9984,0.0005,0.0002,0.0016,0.68
shuttle,missing_values__missing_rate_0.05,missing_values,xgboost,0.214,0.0497,0.1892,0.676,0.9153,0.0,0.3259,0.0097,58000,9,0.9993,0.999,0.9988,0.0007,0.0005,0.0012,0.908
shuttle,missing_values__missing_rate_0.15,missing_values,logistic_regression,0.214,0.1501,0.1905,0.6752,0.916,0.0,0.3256,0.0087,58000,9,0.9433,0.9129,0.824,0.0012,0.0242,0.176,0.7279
shuttle,missing_values__missing_rate_0.15,missing_values,random_forest,0.214,0.1501,0.1905,0.6752,0.916,0.0,0.3256,0.0087,58000,9,0.9986,0.9979,0.9956,0.0014,0.0005,0.0044,0.6794
shuttle,missing_values__missing_rate_0.15,missing_values,xgboost,0.214,0.1501,0.1905,0.6752,0.916,0.0,0.3256,0.0087,58000,9,0.9985,0.9978,0.996,0.0013,0.0008,0.004,0.7784
shuttle,missing_values__missing_rate_0.25,missing_values,logistic_regression,0.214,0.2502,0.1923,0.6775,0.9164,0.0,0.3248,0.0076,58000,9,0.927,0.8867,0.772,0.0051,0.0308,0.228,0.7356
shuttle,missing_values__missing_rate_0.25,missing_values,random_forest,0.214,0.2502,0.1923,0.6775,0.9164,0.0,0.3248,0.0076,58000,9,0.9956,0.9935,0.9879,0.0044,0.0023,0.0121,0.7563
shuttle,missing_values__missing_rate_0.25,missing_values,xgboost,0.214,0.2502,0.1923,0.6775,0.9164,0.0,0.3248,0.0076,58000,9,0.9949,0.9924,0.9855,0.0037,0.0025,0.0145,0.7458
shuttle,missing_values__missing_rate_0.4,missing_values,logistic_regression,0.214,0.3993,0.1923,0.6785,0.9164,0.0,0.3249,0.006,58000,9,0.9091,0.8559,0.7052,0.0027,0.0354,0.2948,0.7425
shuttle,missing_values__missing_rate_0.4,missing_values,random_forest,0.214,0.3993,0.1923,0.6785,0.9164,0.0,0.3249,0.006,58000,9,0.9847,0.9771,0.9561,0.0145,0.0076,0.0439,0.7337
shuttle,missing_values__missing_rate_0.4,missing_values,xgboost,0.214,0.3993,0.1923,0.6785,0.9164,0.0,0.3249,0.006,58000,9,0.985,0.9775,0.9537,0.0039,0.0065,0.0463,0.7418
shuttle,leakage__leak_strength_0.3,leakage,logistic_regression,0.214,0.0,0.1619,0.6761,0.9147,0.0,0.3105,0.0094,58000,10,0.9697,0.9544,0.9134,0.0019,0.015,0.0866,0.7241
shuttle,leakage__leak_strength_0.3,leakage,random_forest,0.214,0.0,0.1619,0.6761,0.9147,0.0,0.3105,0.0094,58000,10,1.0,1.0,1.0,0.0,0.0,0.0,0.0
shuttle,leakage__leak_strength_0.3,leakage,xgboost,0.214,0.0,0.1619,0.6761,0.9147,0.0,0.3105,0.0094,58000,10,0.9999,0.9999,0.9996,0.0001,0.0,0.0004,0.6634
shuttle,leakage__leak_strength_0.6,leakage,logistic_regression,0.214,0.0,0.1846,0.6761,0.9147,0.0,0.3456,0.0094,58000,10,0.9734,0.9603,0.9307,0.0031,0.0149,0.0693,0.744
shuttle,leakage__leak_strength_0.6,leakage,random_forest,0.214,0.0,0.1846,0.6761,0.9147,0.0,0.3456,0.0094,58000,10,1.0,1.0,1.0,0.0,0.0,0.0,0.0
shuttle,leakage__leak_strength_0.6,leakage,xgboost,0.214,0.0,0.1846,0.6761,0.9147,0.0,0.3456,0.0094,58000,10,0.9999,0.9999,0.9996,0.0001,0.0,0.0004,0.9366
shuttle,leakage__leak_strength_0.8,leakage,logistic_regression,0.214,0.0,0.2062,0.8539,0.9147,0.0,0.3786,0.0093,58000,10,0.9955,0.9933,0.9847,0.0007,0.0015,0.0153,0.7133
shuttle,leakage__leak_strength_0.8,leakage,random_forest,0.214,0.0,0.2062,0.8539,0.9147,0.0,0.3786,0.0093,58000,10,0.9998,0.9997,0.9992,0.0002,0.0,0.0008,0.54
shuttle,leakage__leak_strength_0.8,leakage,xgboost,0.214,0.0,0.2062,0.8539,0.9147,0.0,0.3786,0.0093,58000,10,0.9995,0.9992,0.9984,0.0005,0.0002,0.0016,0.7547
shuttle,leakage__leak_strength_0.95,leakage,logistic_regression,0.214,0.0,0.2154,0.9919,0.9147,0.0,0.3924,0.0092,58000,10,0.9999,0.9999,0.9996,0.0001,0.0,0.0004,0.5926
shuttle,leakage__leak_strength_0.95,leakage,random_forest,0.214,0.0,0.2154,0.9919,0.9147,0.0,0.3924,0.0092,58000,10,1.0,1.0,1.0,0.0,0.0,0.0,0.0
shuttle,leakage__leak_strength_0.95,leakage,xgboost,0.214,0.0,0.2154,0.9919,0.9147,0.0,0.3924,0.0092,58000,10,0.9999,0.9999,0.9996,0.0001,0.0,0.0004,0.9288
shuttle,feature_noise__noise_level_0.05,feature_noise,logistic_regression,0.214,0.0,0.1882,0.6753,0.9123,0.0,0.3254,0.01,58000,9,0.9623,0.9429,0.886,0.0035,0.0169,0.114,0.7014
shuttle,feature_noise__noise_level_0.05,feature_noise,random_forest,0.214,0.0,0.1882,0.6753,0.9123,0.0,0.3254,0.01,58000,9,0.9986,0.998,0.9968,0.0014,0.0009,0.0032,0.6844
shuttle,feature_noise__noise_level_0.05,feature_noise,xgboost,0.214,0.0,0.1882,0.6753,0.9123,0.0,0.3254,0.01,58000,9,0.9985,0.9978,0.9964,0.0015,0.0009,0.0036,0.8693
shuttle,feature_noise__noise_level_0.15,feature_noise,logistic_regression,0.214,0.0,0.1846,0.6686,0.8942,0.0,0.3221,0.0101,58000,9,0.9533,0.9288,0.8578,0.0036,0.0207,0.1422,0.717
shuttle,feature_noise__noise_level_0.15,feature_noise,random_forest,0.214,0.0,0.1846,0.6686,0.8942,0.0,0.3221,0.0101,58000,9,0.9909,0.9864,0.9738,0.0091,0.0045,0.0262,0.7267
shuttle,feature_noise__noise_level_0.15,feature_noise,xgboost,0.214,0.0,0.1846,0.6686,0.8942,0.0,0.3221,0.0101,58000,9,0.9897,0.9847,0.9738,0.0102,0.0059,0.0262,0.8214
shuttle,feature_noise__noise_level_0.3,feature_noise,logistic_regression,0.214,0.0,0.1733,0.6475,0.8386,0.0,0.3118,0.0099,58000,9,0.9386,0.905,0.8035,0.0031,0.0246,0.1965,0.7367
shuttle,feature_noise__noise_level_0.3,feature_noise,random_forest,0.214,0.0,0.1733,0.6475,0.8386,0.0,0.3118,0.0099,58000,9,0.9746,0.9618,0.9267,0.0254,0.0124,0.0733,0.7113
shuttle,feature_noise__noise_level_0.3,feature_noise,xgboost,0.214,0.0,0.1733,0.6475,0.8386,0.0,0.3118,0.0099,58000,9,0.9761,0.9644,0.9384,0.0198,0.0136,0.0616,0.7859
shuttle,feature_noise__noise_level_0.5,feature_noise,logistic_regression,0.214,0.0,0.1513,0.6042,0.7312,0.0,0.291,0.0088,58000,9,0.9182,0.8701,0.7233,0.0051,0.0287,0.2767,0.7463
shuttle,feature_noise__noise_level_0.5,feature_noise,random_forest,0.214,0.0,0.1513,0.6042,0.7312,0.0,0.291,0.0088,58000,9,0.9497,0.9227,0.8385,0.0503,0.0201,0.1615,0.7192
shuttle,feature_noise__noise_level_0.5,feature_noise,xgboost,0.214,0.0,0.1513,0.6042,0.7312,0.0,0.291,0.0088,58000,9,0.9485,0.9219,0.8518,0.0305,0.0251,0.1482,0.7637
shuttle,label_noise__flip_rate_0.02,label_noise,logistic_regression,0.2257,0.0,0.1886,0.6371,0.9147,0.0,0.3069,0.0102,58000,9,0.9383,0.9066,0.788,0.0022,0.0179,0.212,0.7234
shuttle,label_noise__flip_rate_0.02,label_noise,random_forest,0.2257,0.0,0.1886,0.6371,0.9147,0.0,0.3069,0.0102,58000,9,0.9789,0.9694,0.9343,0.0211,0.0081,0.0657,0.9265
shuttle,label_noise__flip_rate_0.02,label_noise,xgboost,0.2257,0.0,0.1886,0.6371,0.9147,0.0,0.3069,0.0102,58000,9,0.9813,0.9728,0.9374,-0.0015,0.0059,0.0626,0.9725
shuttle,label_noise__flip_rate_0.05,label_noise,logistic_regression,0.2421,0.0,0.1886,0.5791,0.9147,0.0,0.2793,0.0102,58000,9,0.901,0.8501,0.6574,-0.0008,0.0212,0.3426,0.7488
shuttle,label_noise__flip_rate_0.05,label_noise,random_forest,0.2421,0.0,0.1886,0.5791,0.9147,0.0,0.2793,0.0102,58000,9,0.9423,0.9183,0.8262,0.0575,0.0206,0.1738,0.8894
shuttle,label_noise__flip_rate_0.05,label_noise,xgboost,0.2421,0.0,0.1886,0.5791,0.9147,0.0,0.2793,0.0102,58000,9,0.951,0.9303,0.8387,-0.0008,0.0131,0.1613,0.9472
shuttle,label_noise__flip_rate_0.1,label_noise,logistic_regression,0.2704,0.0,0.1886,0.4954,0.9147,0.0,0.2395,0.0102,58000,9,0.843,0.764,0.4888,-0.0038,0.0258,0.5112,0.7415
shuttle,label_noise__flip_rate_0.1,label_noise,random_forest,0.2704,0.0,0.1886,0.4954,0.9147,0.0,0.2395,0.0102,58000,9,0.8805,0.8404,0.7015,0.1192,0.0532,0.2985,0.8413
shuttle,label_noise__flip_rate_0.1,label_noise,xgboost,0.2704,0.0,0.1886,0.4954,0.9147,0.0,0.2395,0.0102,58000,9,0.9022,0.8672,0.7197,-0.0015,0.0302,0.2803,0.898
shuttle,label_noise__flip_rate_0.2,label_noise,logistic_regression,0.3262,0.0,0.1886,0.3504,0.9147,0.0,0.1707,0.0102,58000,9,0.7458,0.6393,0.3103,0.0036,0.0434,0.6897,0.7077
shuttle,label_noise__flip_rate_0.2,label_noise,random_forest,0.3262,0.0,0.1886,0.3504,0.9147,0.0,0.1707,0.0102,58000,9,0.7378,0.6858,0.5077,0.2621,0.1508,0.4923,0.7683
shuttle,label_noise__flip_rate_0.2,label_noise,xgboost,0.3262,0.0,0.1886,0.3504,0.9147,0.0,0.1707,0.0102,58000,9,0.7954,0.7416,0.5198,0.0093,0.0711,0.4802,0.7993
shuttle,outliers__outlier_fraction_0.01,outliers,logistic_regression,0.214,0.0,0.1141,0.5295,0.5497,0.0,0.2533,0.014,58000,9,0.9005,0.8364,0.6412,0.0015,0.0288,0.3588,0.7149
shuttle,outliers__outlier_fraction_0.01,outliers,random_forest,0.214,0.0,0.1141,0.5295,0.5497,0.0,0.2533,0.014,58000,9,0.9997,0.9996,0.9988,0.0003,0.0,0.0012,0.6533
shuttle,outliers__outlier_fraction_0.01,outliers,xgboost,0.214,0.0,0.1141,0.5295,0.5497,0.0,0.2533,0.014,58000,9,0.9997,0.9996,0.9992,0.0003,0.0001,0.0008,0.9051
shuttle,outliers__outlier_fraction_0.03,outliers,logistic_regression,0.214,0.0,0.0626,0.3958,0.2978,0.0,0.1872,0.0301,58000,9,0.8484,0.7414,0.4793,0.0061,0.0511,0.5207,0.7614
shuttle,outliers__outlier_fraction_0.03,outliers,random_forest,0.214,0.0,0.0626,0.3958,0.2978,0.0,0.1872,0.0301,58000,9,0.9995,0.9992,0.998,0.0005,0.0001,0.002,0.695
shuttle,outliers__outlier_fraction_0.03,outliers,xgboost,0.214,0.0,0.0626,0.3958,0.2978,0.0,0.1872,0.0301,58000,9,0.9995,0.9992,0.9988,0.0005,0.0003,0.0012,0.8447
shuttle,outliers__outlier_fraction_0.05,outliers,logistic_regression,0.214,0.0,0.0417,0.3251,0.2015,0.0,0.1534,0.05,58000,9,0.8245,0.6894,0.3854,0.0045,0.0559,0.6146,0.7399
shuttle,outliers__outlier_fraction_0.05,outliers,random_forest,0.214,0.0,0.0417,0.3251,0.2015,0.0,0.1534,0.05,58000,9,0.9989,0.9983,0.9964,0.0011,0.0004,0.0036,0.6954
shuttle,outliers__outlier_fraction_0.05,outliers,xgboost,0.214,0.0,0.0417,0.3251,0.2015,0.0,0.1534,0.05,58000,9,0.9984,0.9977,0.9968,0.0016,0.0011,0.0032,0.7827
shuttle,outliers__outlier_fraction_0.1,outliers,logistic_regression,0.214,0.0,0.0221,0.2329,0.0998,0.0,0.1103,0.0002,58000,9,0.8138,0.6254,0.2445,0.0053,0.0312,0.7555,0.737
shuttle,outliers__outlier_fraction_0.1,outliers,random_forest,0.214,0.0,0.0221,0.2329,0.0998,0.0,0.1103,0.0002,58000,9,0.998,0.997,0.9932,0.002,0.0007,0.0068,0.6435
shuttle,outliers__outlier_fraction_0.1,outliers,xgboost,0.214,0.0,0.0221,0.2329,0.0998,0.0,0.1103,0.0002,58000,9,0.999,0.9985,0.9964,0.001,0.0003,0.0036,0.8095
shuttle,redundancy__n_redundant_1,redundancy,logistic_regression,0.214,0.0,0.2232,0.6761,0.9998,0.0222,0.3419,0.011,58000,10,0.9715,0.957,0.9146,0.0004,0.0131,0.0854,0.7264
shuttle,redundancy__n_redundant_1,redundancy,random_forest,0.214,0.0,0.2232,0.6761,0.9998,0.0222,0.3419,0.011,58000,10,1.0,1.0,1.0,0.0,0.0,0.0,0.0
shuttle,redundancy__n_redundant_1,redundancy,xgboost,0.214,0.0,0.2232,0.6761,0.9998,0.0222,0.3419,0.011,58000,10,1.0,1.0,1.0,0.0,0.0,0.0,0.0
shuttle,redundancy__n_redundant_2,redundancy,logistic_regression,0.214,0.0,0.2082,0.6761,0.9998,0.0364,0.3113,0.0101,58000,11,0.9717,0.9574,0.915,0.0004,0.0128,0.085,0.7284
shuttle,redundancy__n_redundant_2,redundancy,random_forest,0.214,0.0,0.2082,0.6761,0.9998,0.0364,0.3113,0.0101,58000,11,1.0,1.0,1.0,0.0,0.0,0.0,0.0
shuttle,redundancy__n_redundant_2,redundancy,xgboost,0.214,0.0,0.2082,0.6761,0.9998,0.0364,0.3113,0.0101,58000,11,1.0,1.0,1.0,0.0,0.0,0.0,0.0
shuttle,redundancy__n_redundant_3,redundancy,logistic_regression,0.214,0.0,0.2405,0.6761,0.9998,0.0455,0.3201,0.0108,58000,12,0.9715,0.957,0.9146,0.0005,0.0131,0.0854,0.7263
shuttle,redundancy__n_redundant_3,redundancy,random_forest,0.214,0.0,0.2405,0.6761,0.9998,0.0455,0.3201,0.0108,58000,12,1.0,1.0,1.0,0.0,0.0,0.0,0.0
shuttle,redundancy__n_redundant_3,redundancy,xgboost,0.214,0.0,0.2405,0.6761,0.9998,0.0455,0.3201,0.0108,58000,12,1.0,1.0,1.0,0.0,0.0,0.0,0.0
shuttle,redundancy__n_redundant_5,redundancy,logistic_regression,0.214,0.0,0.2436,0.6761,0.9998,0.0659,0.2935,0.0095,58000,14,0.9714,0.9569,0.9142,0.0007,0.0131,0.0858,0.7263
shuttle,redundancy__n_redundant_5,redundancy,random_forest,0.214,0.0,0.2436,0.6761,0.9998,0.0659,0.2935,0.0095,58000,14,1.0,1.0,1.0,0.0,0.0,0.0,0.0
shuttle,redundancy__n_redundant_5,redundancy,xgboost,0.214,0.0,0.2436,0.6761,0.9998,0.0659,0.2935,0.0095,58000,14,1.0,1.0,1.0,0.0,0.0,0.0,0.0
